id,effectiveDate,ous,typeId
21045,2024-07-03,522,Organisation
21045,2024-07-03,743,Position
21045,2024-07-03,413,Standort
21045,2024-07-12,522,Organisation
21045,2024-07-12,743,Position
21045,2024-07-12,413,Standort
21045,2024-07-30,522,Organisation
21045,2024-07-30,743,Position
21045,2024-07-30,413,Standort
21045,2024-07-31,868,Organisation
21045,2024-07-31,743,Position
21045,2024-07-31,413,Standort
21045,2024-08-01,868,Organisation
21045,2024-08-01,743,Position
21045,2024-08-01,413,Standort
21045,2024-08-19,868,Organisation
21045,2024-08-19,743,Position
21045,2024-08-19,413,Standort
21045,2024-09-02,868,Organisation
21045,2024-09-02,743,Position
21045,2024-09-02,413,Standort
21045,2024-10-01,868,Organisation
21045,2024-10-01,743,Position
21045,2024-10-01,413,Standort
21045,2024-10-23,868,Organisation
21045,2024-10-23,743,Position
21045,2024-10-23,413,Standort
21045,2024-10-23,2708,Job-Familie
21045,2024-11-26,868,Organisation
21045,2024-11-26,743,Position
21045,2024-11-26,413,Standort
21045,2024-11-26,2708,Job-Familie
21045,2025-01-01,868,Organisation
21045,2025-01-01,743,Position
21045,2025-01-01,413,Standort
21045,2025-01-01,2708,Job-Familie
21045,2025-03-27,868,Organisation
21045,2025-03-27,743,Position
21045,2025-03-27,413,Standort
21045,2025-03-27,2708,Job-Familie
21045,2025-04-01,868,Organisation
21045,2025-04-01,743,Position
21045,2025-04-01,413,Standort
21045,2025-04-01,2710,Job-Familie
21045,2025-04-25,868,Organisation
21045,2025-04-25,743,Position
21045,2025-04-25,413,Standort
21045,2025-04-25,2710,Job-Familie
21104,2024-07-04,540,Organisation
21104,2024-07-04,743,Position
21104,2024-07-04,2433,Standort
21104,2024-08-07,540,Organisation
21104,2024-08-07,743,Position
21104,2024-08-07,2433,Standort
21104,2024-08-30,1414,Organisation
21104,2024-08-30,743,Position
21104,2024-08-30,2433,Standort
21104,2024-09-01,1416,Organisation
21104,2024-09-01,743,Position
21104,2024-09-01,2433,Standort
21104,2024-09-04,1416,Organisation
21104,2024-09-04,743,Position
21104,2024-09-04,2433,Standort
21104,2024-09-27,1416,Organisation
21104,2024-09-27,743,Position
21104,2024-09-27,2433,Standort
21104,2024-09-30,1416,Organisation
21104,2024-09-30,743,Position
21104,2024-09-30,2433,Standort
21104,2024-10-23,1416,Organisation
21104,2024-10-23,743,Position
21104,2024-10-23,2433,Standort
21104,2024-10-23,2710,Job-Familie
21104,2024-11-26,1416,Organisation
21104,2024-11-26,743,Position
21104,2024-11-26,2433,Standort
21104,2024-11-26,2710,Job-Familie
21104,2025-01-31,1416,Organisation
21104,2025-01-31,743,Position
21104,2025-01-31,2433,Standort
21104,2025-01-31,2710,Job-Familie
21104,2025-02-01,2883,Organisation
21104,2025-02-01,743,Position
21104,2025-02-01,2433,Standort
21104,2025-02-01,2710,Job-Familie
21104,2025-03-01,2883,Organisation
21104,2025-03-01,743,Position
21104,2025-03-01,2433,Standort
21104,2025-03-01,2710,Job-Familie
21104,2025-03-27,2883,Organisation
21104,2025-03-27,743,Position
21104,2025-03-27,2433,Standort
21104,2025-03-27,2710,Job-Familie
21104,2025-05-13,2883,Organisation
21104,2025-05-13,743,Position
21104,2025-05-13,2433,Standort
21104,2025-05-13,2710,Job-Familie
21142,2024-05-03,81,Organisation
21142,2025-05-07,81,Organisation
21222,2024-05-06,2570,Organisation
21285,2024-07-04,536,Organisation
21285,2024-07-05,536,Organisation
21285,2024-07-31,2419,Organisation
21285,2024-07-31,689,Position
21285,2024-07-31,408,Standort
21285,2024-08-01,2419,Organisation
21285,2024-08-01,689,Position
21285,2024-08-01,1105,Standort
21285,2024-08-05,2419,Organisation
21285,2024-08-05,689,Position
21285,2024-08-05,1105,Standort
21285,2024-08-06,2419,Organisation
21285,2024-08-06,689,Position
21285,2024-08-06,1105,Standort
21285,2024-08-21,2419,Organisation
21285,2024-08-21,689,Position
21285,2024-08-21,1105,Standort
21285,2024-09-03,2419,Organisation
21285,2024-09-03,689,Position
21285,2024-09-03,1105,Standort
21285,2024-09-17,2419,Organisation
21285,2024-09-17,689,Position
21285,2024-09-17,1105,Standort
21285,2024-10-07,2419,Organisation
21285,2024-10-07,689,Position
21285,2024-10-07,2653,Standort
21285,2024-10-07,1105,Standort
21285,2024-10-23,2419,Organisation
21285,2024-10-23,689,Position
21285,2024-10-23,2653,Standort
21285,2024-10-23,1105,Standort
21285,2024-10-23,2711,Job-Familie
21285,2024-11-26,2419,Organisation
21285,2024-11-26,689,Position
21285,2024-11-26,2653,Standort
21285,2024-11-26,1105,Standort
21285,2024-11-26,2711,Job-Familie
21285,2024-12-19,2419,Organisation
21285,2024-12-19,689,Position
21285,2024-12-19,2653,Standort
21285,2024-12-19,1105,Standort
21285,2024-12-19,2711,Job-Familie
21285,2025-01-23,2419,Organisation
21285,2025-01-23,689,Position
21285,2025-01-23,2653,Standort
21285,2025-01-23,1105,Standort
21285,2025-01-23,2711,Job-Familie
21285,2025-02-01,2419,Organisation
21285,2025-02-01,689,Position
21285,2025-02-01,2653,Standort
21285,2025-02-01,1105,Standort
21285,2025-02-01,2711,Job-Familie
21285,2025-02-12,2419,Organisation
21285,2025-02-12,689,Position
21285,2025-02-12,2653,Standort
21285,2025-02-12,1105,Standort
21285,2025-02-12,2711,Job-Familie
21285,2025-03-27,2419,Organisation
21285,2025-03-27,689,Position
21285,2025-03-27,2653,Standort
21285,2025-03-27,1105,Standort
21285,2025-03-27,2711,Job-Familie
21294,2024-07-16,523,Organisation
21294,2024-07-17,523,Organisation
21294,2024-08-30,2600,Organisation
21294,2024-08-30,697,Position
21294,2024-08-30,421,Standort
21294,2024-09-01,2600,Organisation
21294,2024-09-01,697,Position
21294,2024-09-01,421,Standort
21294,2024-09-04,2600,Organisation
21294,2024-09-04,697,Position
21294,2024-09-04,421,Standort
21294,2024-09-06,2600,Organisation
21294,2024-09-06,697,Position
21294,2024-09-06,421,Standort
21294,2024-09-17,2600,Organisation
21294,2024-09-17,697,Position
21294,2024-09-17,421,Standort
21294,2024-10-23,2600,Organisation
21294,2024-10-23,697,Position
21294,2024-10-23,421,Standort
21294,2024-10-23,2706,Job-Familie
21294,2024-11-07,2600,Organisation
21294,2024-11-07,697,Position
21294,2024-11-07,421,Standort
21294,2024-11-07,2706,Job-Familie
21294,2024-11-22,2600,Organisation
21294,2024-11-22,697,Position
21294,2024-11-22,421,Standort
21294,2024-11-22,2706,Job-Familie
21294,2024-11-26,2600,Organisation
21294,2024-11-26,697,Position
21294,2024-11-26,421,Standort
21294,2024-11-26,2706,Job-Familie
21294,2024-12-05,2600,Organisation
21294,2024-12-05,697,Position
21294,2024-12-05,421,Standort
21294,2024-12-05,2706,Job-Familie
21294,2025-01-01,2600,Organisation
21294,2025-01-01,697,Position
21294,2025-01-01,2658,Standort
21294,2025-01-01,421,Standort
21294,2025-01-01,2706,Job-Familie
21294,2025-01-23,2600,Organisation
21294,2025-01-23,697,Position
21294,2025-01-23,2658,Standort
21294,2025-01-23,421,Standort
21294,2025-01-23,2706,Job-Familie
21294,2025-02-12,2600,Organisation
21294,2025-02-12,697,Position
21294,2025-02-12,2658,Standort
21294,2025-02-12,421,Standort
21294,2025-02-12,2706,Job-Familie
21294,2025-03-27,2600,Organisation
21294,2025-03-27,697,Position
21294,2025-03-27,2658,Standort
21294,2025-03-27,421,Standort
21294,2025-03-27,2706,Job-Familie
21312,2024-09-05,536,Organisation
21312,2024-09-06,536,Organisation
21312,2024-09-09,536,Organisation
21312,2024-09-30,2508,Organisation
21312,2024-09-30,689,Position
21312,2024-09-30,1105,Standort
21312,2024-10-01,2508,Organisation
21312,2024-10-01,1246,Position
21312,2024-10-01,1105,Standort
21312,2024-10-07,2508,Organisation
21312,2024-10-07,1246,Position
21312,2024-10-07,2653,Standort
21312,2024-10-07,1105,Standort
21312,2024-10-09,2508,Organisation
21312,2024-10-09,1246,Position
21312,2024-10-09,2653,Standort
21312,2024-10-09,1105,Standort
21312,2024-10-23,2508,Organisation
21312,2024-10-23,1246,Position
21312,2024-10-23,2653,Standort
21312,2024-10-23,1105,Standort
21312,2024-10-23,2711,Job-Familie
21312,2024-11-05,2508,Organisation
21312,2024-11-05,1246,Position
21312,2024-11-05,2653,Standort
21312,2024-11-05,1105,Standort
21312,2024-11-05,2711,Job-Familie
21312,2024-11-26,2508,Organisation
21312,2024-11-26,1246,Position
21312,2024-11-26,2653,Standort
21312,2024-11-26,1105,Standort
21312,2024-11-26,2711,Job-Familie
21312,2025-01-23,2508,Organisation
21312,2025-01-23,1246,Position
21312,2025-01-23,2653,Standort
21312,2025-01-23,1105,Standort
21312,2025-01-23,2711,Job-Familie
21312,2025-02-12,2508,Organisation
21312,2025-02-12,1246,Position
21312,2025-02-12,2653,Standort
21312,2025-02-12,1105,Standort
21312,2025-02-12,2711,Job-Familie
21312,2025-03-01,2508,Organisation
21312,2025-03-01,1246,Position
21312,2025-03-01,2653,Standort
21312,2025-03-01,1105,Standort
21312,2025-03-01,2711,Job-Familie
21312,2025-03-27,2508,Organisation
21312,2025-03-27,1246,Position
21312,2025-03-27,2653,Standort
21312,2025-03-27,1105,Standort
21312,2025-03-27,2711,Job-Familie
21397,2024-06-28,2595,Organisation
21397,2024-07-17,529,Organisation
21397,2024-09-30,529,Organisation
21397,2024-09-30,653,Position
21397,2024-09-30,430,Standort
21397,2024-10-01,2595,Organisation
21397,2024-10-01,653,Position
21397,2024-10-01,430,Standort
21397,2024-10-02,2595,Organisation
21397,2024-10-02,653,Position
21397,2024-10-02,430,Standort
21397,2024-10-21,2595,Organisation
21397,2024-10-21,653,Position
21397,2024-10-21,430,Standort
21397,2024-10-23,2595,Organisation
21397,2024-10-23,653,Position
21397,2024-10-23,430,Standort
21397,2024-10-23,2710,Job-Familie
21397,2024-11-06,2595,Organisation
21397,2024-11-06,653,Position
21397,2024-11-06,430,Standort
21397,2024-11-06,2710,Job-Familie
21397,2024-11-22,2595,Organisation
21397,2024-11-22,653,Position
21397,2024-11-22,430,Standort
21397,2024-11-22,2710,Job-Familie
21397,2024-12-16,2595,Organisation
21397,2024-12-16,653,Position
21397,2024-12-16,430,Standort
21397,2024-12-16,2710,Job-Familie
21397,2025-02-12,2595,Organisation
21397,2025-02-12,653,Position
21397,2025-02-12,430,Standort
21397,2025-02-12,2710,Job-Familie
21397,2025-03-01,2595,Organisation
21397,2025-03-01,653,Position
21397,2025-03-01,430,Standort
21397,2025-03-01,2710,Job-Familie
21397,2025-03-27,2595,Organisation
21397,2025-03-27,653,Position
21397,2025-03-27,430,Standort
21397,2025-03-27,2710,Job-Familie
21397,2025-04-02,2595,Organisation
21397,2025-04-02,653,Position
21397,2025-04-02,430,Standort
21397,2025-04-02,2710,Job-Familie
21410,2024-05-13,522,Organisation
21410,2024-05-29,856,Organisation
21410,2024-05-29,770,Position
21410,2024-05-29,413,Standort
21410,2024-06-01,856,Organisation
21410,2024-06-01,770,Position
21410,2024-06-01,413,Standort
21410,2024-06-06,856,Organisation
21410,2024-06-06,770,Position
21410,2024-06-06,413,Standort
21410,2024-06-14,856,Organisation
21410,2024-06-14,770,Position
21410,2024-06-14,413,Standort
21410,2024-07-01,856,Organisation
21410,2024-07-01,770,Position
21410,2024-07-01,413,Standort
21410,2024-07-17,856,Organisation
21410,2024-07-17,770,Position
21410,2024-07-17,413,Standort
21410,2024-07-26,856,Organisation
21410,2024-07-26,770,Position
21410,2024-07-26,413,Standort
21410,2024-07-29,856,Organisation
21410,2024-07-29,770,Position
21410,2024-07-29,413,Standort
21410,2024-09-13,2648,Organisation
21410,2024-09-13,770,Position
21410,2024-09-13,413,Standort
21410,2024-10-23,2648,Organisation
21410,2024-10-23,770,Position
21410,2024-10-23,413,Standort
21410,2024-10-23,2708,Job-Familie
21410,2024-11-08,2648,Organisation
21410,2024-11-08,770,Position
21410,2024-11-08,413,Standort
21410,2024-11-08,2708,Job-Familie
21410,2024-11-09,2648,Organisation
21410,2024-11-09,770,Position
21410,2024-11-09,413,Standort
21410,2024-11-09,2708,Job-Familie
21410,2024-11-15,2648,Organisation
21410,2024-11-15,770,Position
21410,2024-11-15,413,Standort
21410,2024-11-15,2708,Job-Familie
21434,2024-01-01,2565,Organisation
21434,2024-01-01,743,Position
21434,2024-01-01,2839,Standort
21434,2024-01-01,408,Standort
21434,2024-07-09,535,Organisation
21434,2024-07-09,743,Position
21434,2024-07-09,2839,Standort
21434,2024-07-09,408,Standort
21434,2024-07-15,535,Organisation
21434,2024-07-15,743,Position
21434,2024-07-15,2839,Standort
21434,2024-07-15,408,Standort
21434,2024-08-01,2565,Organisation
21434,2024-08-01,743,Position
21434,2024-08-01,2839,Standort
21434,2024-08-01,408,Standort
21434,2024-08-19,2565,Organisation
21434,2024-08-19,743,Position
21434,2024-08-19,2839,Standort
21434,2024-08-19,408,Standort
21434,2024-08-23,2565,Organisation
21434,2024-08-23,743,Position
21434,2024-08-23,2839,Standort
21434,2024-08-23,408,Standort
21434,2024-09-17,2565,Organisation
21434,2024-09-17,743,Position
21434,2024-09-17,2839,Standort
21434,2024-09-17,408,Standort
21434,2024-10-01,2565,Organisation
21434,2024-10-01,743,Position
21434,2024-10-01,2698,Standort
21434,2024-10-01,408,Standort
21434,2024-10-23,2565,Organisation
21434,2024-10-23,743,Position
21434,2024-10-23,2698,Standort
21434,2024-10-23,408,Standort
21434,2024-10-23,2710,Job-Familie
21434,2024-11-01,2565,Organisation
21434,2024-11-01,743,Position
21434,2024-11-01,2698,Standort
21434,2024-11-01,408,Standort
21434,2024-11-01,2710,Job-Familie
21434,2024-11-26,2565,Organisation
21434,2024-11-26,743,Position
21434,2024-11-26,2698,Standort
21434,2024-11-26,408,Standort
21434,2024-11-26,2710,Job-Familie
21434,2025-01-01,2565,Organisation
21434,2025-01-01,743,Position
21434,2025-01-01,2839,Standort
21434,2025-01-01,408,Standort
21434,2025-01-01,2710,Job-Familie
21434,2025-02-12,2565,Organisation
21434,2025-02-12,743,Position
21434,2025-02-12,2839,Standort
21434,2025-02-12,408,Standort
21434,2025-02-12,2710,Job-Familie
21434,2025-03-27,2565,Organisation
21434,2025-03-27,743,Position
21434,2025-03-27,2839,Standort
21434,2025-03-27,408,Standort
21434,2025-03-27,2710,Job-Familie
21475,2024-06-20,522,Organisation
21475,2024-07-01,870,Organisation
21475,2024-07-12,870,Organisation
21475,2024-07-12,621,Position
21475,2024-07-12,420,Standort
21475,2024-07-15,870,Organisation
21475,2024-07-15,621,Position
21475,2024-07-15,420,Standort
21475,2024-07-17,870,Organisation
21475,2024-07-17,621,Position
21475,2024-07-17,420,Standort
21475,2024-07-19,870,Organisation
21475,2024-07-19,621,Position
21475,2024-07-19,420,Standort
21475,2024-07-26,870,Organisation
21475,2024-07-26,621,Position
21475,2024-07-26,420,Standort
21475,2024-07-29,870,Organisation
21475,2024-07-29,621,Position
21475,2024-07-29,420,Standort
21475,2024-08-01,870,Organisation
21475,2024-08-01,621,Position
21475,2024-08-01,420,Standort
21475,2024-10-23,870,Organisation
21475,2024-10-23,621,Position
21475,2024-10-23,420,Standort
21475,2024-10-23,2710,Job-Familie
21475,2024-11-05,870,Organisation
21475,2024-11-05,621,Position
21475,2024-11-05,420,Standort
21475,2024-11-05,2710,Job-Familie
21475,2024-11-20,870,Organisation
21475,2024-11-20,621,Position
21475,2024-11-20,420,Standort
21475,2024-11-20,2710,Job-Familie
21475,2025-01-01,870,Organisation
21475,2025-01-01,621,Position
21475,2025-01-01,420,Standort
21475,2025-01-01,2710,Job-Familie
21475,2025-03-27,870,Organisation
21475,2025-03-27,621,Position
21475,2025-03-27,420,Standort
21475,2025-03-27,2710,Job-Familie
21475,2025-04-15,870,Organisation
21475,2025-04-15,621,Position
21475,2025-04-15,420,Standort
21475,2025-04-15,2710,Job-Familie
21475,2025-04-25,870,Organisation
21475,2025-04-25,621,Position
21475,2025-04-25,420,Standort
21475,2025-04-25,2710,Job-Familie
21475,2025-05-30,870,Organisation
21475,2025-05-30,621,Position
21475,2025-05-30,420,Standort
21475,2025-05-30,2710,Job-Familie
21569,2024-07-11,540,Organisation
21569,2024-08-30,540,Organisation
21569,2024-08-30,459,Position
21569,2024-08-30,1350,Standort
21569,2024-10-01,1387,Organisation
21569,2024-10-01,459,Position
21569,2024-10-01,1350,Standort
21569,2024-10-02,1387,Organisation
21569,2024-10-02,459,Position
21569,2024-10-02,1350,Standort
21569,2024-10-15,1387,Organisation
21569,2024-10-15,459,Position
21569,2024-10-15,1350,Standort
21569,2024-10-23,1387,Organisation
21569,2024-10-23,459,Position
21569,2024-10-23,1350,Standort
21569,2024-10-23,2710,Job-Familie
21569,2024-11-22,1387,Organisation
21569,2024-11-22,459,Position
21569,2024-11-22,1350,Standort
21569,2024-11-22,2710,Job-Familie
21569,2024-12-09,1387,Organisation
21569,2024-12-09,459,Position
21569,2024-12-09,1350,Standort
21569,2024-12-09,2710,Job-Familie
21569,2025-03-27,1387,Organisation
21569,2025-03-27,459,Position
21569,2025-03-27,1350,Standort
21569,2025-03-27,2710,Job-Familie
21569,2025-04-01,1387,Organisation
21569,2025-04-01,459,Position
21569,2025-04-01,1350,Standort
21569,2025-04-01,2710,Job-Familie
21578,2024-06-06,530,Organisation
21578,2024-06-07,530,Organisation
21578,2024-06-14,530,Organisation
21578,2024-06-14,144,Position
21578,2024-06-14,1105,Standort
21578,2024-06-15,984,Organisation
21578,2024-06-15,586,Position
21578,2024-06-15,1105,Standort
21578,2024-07-01,984,Organisation
21578,2024-07-01,586,Position
21578,2024-07-01,1105,Standort
21578,2024-07-17,984,Organisation
21578,2024-07-17,586,Position
21578,2024-07-17,1105,Standort
21578,2024-07-26,984,Organisation
21578,2024-07-26,586,Position
21578,2024-07-26,1105,Standort
21578,2024-07-29,984,Organisation
21578,2024-07-29,586,Position
21578,2024-07-29,1105,Standort
21578,2024-09-03,984,Organisation
21578,2024-09-03,586,Position
21578,2024-09-03,1105,Standort
21578,2024-09-17,984,Organisation
21578,2024-09-17,586,Position
21578,2024-09-17,1105,Standort
21578,2024-10-01,984,Organisation
21578,2024-10-01,586,Position
21578,2024-10-01,1105,Standort
21616,2024-07-12,536,Organisation
21616,2024-07-31,845,Organisation
21616,2024-07-31,1245,Position
21616,2024-07-31,1105,Standort
21616,2024-08-01,845,Organisation
21616,2024-08-01,1245,Position
21616,2024-08-01,1105,Standort
21616,2024-08-21,845,Organisation
21616,2024-08-21,1245,Position
21616,2024-08-21,1105,Standort
21616,2024-09-01,845,Organisation
21616,2024-09-01,1245,Position
21616,2024-09-01,1105,Standort
21616,2024-09-17,845,Organisation
21616,2024-09-17,1245,Position
21616,2024-09-17,1105,Standort
21616,2024-10-07,845,Organisation
21616,2024-10-07,1245,Position
21616,2024-10-07,2655,Standort
21616,2024-10-07,1105,Standort
21616,2024-10-23,845,Organisation
21616,2024-10-23,1245,Position
21616,2024-10-23,2655,Standort
21616,2024-10-23,1105,Standort
21616,2024-10-23,2711,Job-Familie
21616,2024-11-26,845,Organisation
21616,2024-11-26,1245,Position
21616,2024-11-26,2655,Standort
21616,2024-11-26,1105,Standort
21616,2024-11-26,2711,Job-Familie
21616,2025-01-23,845,Organisation
21616,2025-01-23,1245,Position
21616,2025-01-23,2655,Standort
21616,2025-01-23,1105,Standort
21616,2025-01-23,2711,Job-Familie
21616,2025-02-12,845,Organisation
21616,2025-02-12,1245,Position
21616,2025-02-12,2655,Standort
21616,2025-02-12,1105,Standort
21616,2025-02-12,2711,Job-Familie
21616,2025-03-27,845,Organisation
21616,2025-03-27,1245,Position
21616,2025-03-27,2655,Standort
21616,2025-03-27,1105,Standort
21616,2025-03-27,2711,Job-Familie
21764,2024-05-24,2586,Organisation
21764,2024-05-24,2578,Standort
21764,2024-07-01,2586,Organisation
21764,2024-07-01,2578,Standort
21764,2024-07-02,2586,Organisation
21764,2024-07-02,2578,Standort
21764,2024-07-05,2586,Organisation
21764,2024-07-05,2578,Standort
21764,2024-07-15,2586,Organisation
21764,2024-07-15,2578,Standort
21764,2024-07-17,2586,Organisation
21764,2024-07-17,2578,Standort
21764,2024-07-26,2586,Organisation
21764,2024-07-26,2578,Standort
21764,2024-07-29,2586,Organisation
21764,2024-07-29,2578,Standort
21764,2024-09-17,2586,Organisation
21764,2024-09-17,2578,Standort
21764,2024-10-23,2586,Organisation
21764,2024-10-23,2578,Standort
21764,2024-10-23,2710,Job-Familie
21764,2024-12-04,2586,Organisation
21764,2024-12-04,2578,Standort
21764,2024-12-04,2710,Job-Familie
21764,2024-12-09,2586,Organisation
21764,2024-12-09,2578,Standort
21764,2024-12-09,2710,Job-Familie
21764,2024-12-12,2586,Organisation
21764,2024-12-12,2578,Standort
21764,2024-12-12,2710,Job-Familie
21764,2025-01-24,2586,Organisation
21764,2025-01-24,709,Position
21764,2025-01-24,2578,Standort
21764,2025-01-24,2710,Job-Familie
21764,2025-01-28,2586,Organisation
21764,2025-01-28,709,Position
21764,2025-01-28,2578,Standort
21764,2025-01-28,2710,Job-Familie
21764,2025-03-01,2586,Organisation
21764,2025-03-01,709,Position
21764,2025-03-01,2578,Standort
21764,2025-03-01,2710,Job-Familie
21764,2025-03-27,2586,Organisation
21764,2025-03-27,709,Position
21764,2025-03-27,2578,Standort
21764,2025-03-27,2710,Job-Familie
21765,2024-05-24,2589,Organisation
21765,2024-05-24,2578,Standort
21765,2024-06-05,2589,Organisation
21765,2024-06-05,2578,Standort
21765,2024-06-19,2589,Organisation
21765,2024-06-19,2578,Standort
21765,2024-07-11,2589,Organisation
21765,2024-07-11,2578,Standort
21766,2024-05-24,2589,Organisation
21766,2024-05-24,2578,Standort
21766,2024-05-31,2589,Organisation
21766,2024-05-31,2578,Standort
21766,2024-07-01,2589,Organisation
21766,2024-07-01,2578,Standort
21766,2024-07-05,2589,Organisation
21766,2024-07-05,2578,Standort
21766,2024-07-17,2589,Organisation
21766,2024-07-17,2578,Standort
21766,2024-07-26,2589,Organisation
21766,2024-07-26,2578,Standort
21766,2024-07-29,2589,Organisation
21766,2024-07-29,2578,Standort
21766,2024-09-17,2589,Organisation
21766,2024-09-17,2578,Standort
21766,2024-10-23,2589,Organisation
21766,2024-10-23,2578,Standort
21766,2024-10-23,2710,Job-Familie
21766,2024-12-02,2589,Organisation
21766,2024-12-02,2578,Standort
21766,2024-12-02,2710,Job-Familie
21766,2024-12-09,2589,Organisation
21766,2024-12-09,2578,Standort
21766,2024-12-09,2710,Job-Familie
21766,2025-01-24,2589,Organisation
21766,2025-01-24,685,Position
21766,2025-01-24,2578,Standort
21766,2025-01-24,2710,Job-Familie
21766,2025-01-28,2589,Organisation
21766,2025-01-28,685,Position
21766,2025-01-28,2578,Standort
21766,2025-01-28,2710,Job-Familie
21766,2025-03-01,2589,Organisation
21766,2025-03-01,685,Position
21766,2025-03-01,2578,Standort
21766,2025-03-01,2710,Job-Familie
21766,2025-03-27,2589,Organisation
21766,2025-03-27,685,Position
21766,2025-03-27,2578,Standort
21766,2025-03-27,2710,Job-Familie
21766,2025-06-01,2589,Organisation
21766,2025-06-01,685,Position
21766,2025-06-01,2578,Standort
21766,2025-06-01,2710,Job-Familie
21767,2024-05-24,2589,Organisation
21767,2024-05-24,2578,Standort
21767,2024-07-01,2589,Organisation
21767,2024-07-01,2578,Standort
21767,2024-07-05,2589,Organisation
21767,2024-07-05,2578,Standort
21767,2024-07-15,2589,Organisation
21767,2024-07-15,2578,Standort
21767,2024-07-17,2589,Organisation
21767,2024-07-17,2578,Standort
21767,2024-07-26,2589,Organisation
21767,2024-07-26,2578,Standort
21767,2024-07-29,2589,Organisation
21767,2024-07-29,2578,Standort
21767,2024-09-17,2589,Organisation
21767,2024-09-17,2578,Standort
21767,2024-10-23,2589,Organisation
21767,2024-10-23,2578,Standort
21767,2024-10-23,2710,Job-Familie
21767,2024-12-02,2589,Organisation
21767,2024-12-02,2578,Standort
21767,2024-12-02,2710,Job-Familie
21767,2024-12-09,2589,Organisation
21767,2024-12-09,2578,Standort
21767,2024-12-09,2710,Job-Familie
21767,2024-12-12,2589,Organisation
21767,2024-12-12,2578,Standort
21767,2024-12-12,2710,Job-Familie
21767,2025-01-24,2589,Organisation
21767,2025-01-24,617,Position
21767,2025-01-24,2578,Standort
21767,2025-01-24,2710,Job-Familie
21767,2025-03-01,2589,Organisation
21767,2025-03-01,617,Position
21767,2025-03-01,2578,Standort
21767,2025-03-01,2710,Job-Familie
21767,2025-03-27,2589,Organisation
21767,2025-03-27,617,Position
21767,2025-03-27,2578,Standort
21767,2025-03-27,2710,Job-Familie
21767,2025-04-15,2589,Organisation
21767,2025-04-15,617,Position
21767,2025-04-15,2578,Standort
21767,2025-04-15,2710,Job-Familie
21768,2024-05-24,2588,Organisation
21768,2024-05-24,2578,Standort
21768,2024-07-01,2588,Organisation
21768,2024-07-01,2578,Standort
21768,2024-07-02,2588,Organisation
21768,2024-07-02,2578,Standort
21768,2024-07-05,2588,Organisation
21768,2024-07-05,2578,Standort
21768,2024-07-15,2588,Organisation
21768,2024-07-15,2578,Standort
21768,2024-07-17,2588,Organisation
21768,2024-07-17,2578,Standort
21768,2024-07-26,2588,Organisation
21768,2024-07-26,2578,Standort
21768,2024-07-29,2588,Organisation
21768,2024-07-29,2578,Standort
21768,2024-09-17,2588,Organisation
21768,2024-09-17,2578,Standort
21768,2024-10-23,2588,Organisation
21768,2024-10-23,2578,Standort
21768,2024-10-23,2710,Job-Familie
21768,2024-12-02,2588,Organisation
21768,2024-12-02,2578,Standort
21768,2024-12-02,2710,Job-Familie
21768,2024-12-09,2588,Organisation
21768,2024-12-09,2578,Standort
21768,2024-12-09,2710,Job-Familie
21768,2024-12-12,2588,Organisation
21768,2024-12-12,2578,Standort
21768,2024-12-12,2710,Job-Familie
21768,2024-12-17,1397,Organisation
21768,2024-12-17,2578,Standort
21768,2024-12-17,2710,Job-Familie
21768,2024-12-18,1397,Organisation
21768,2024-12-18,724,Position
21768,2024-12-18,2578,Standort
21768,2024-12-18,2710,Job-Familie
21768,2025-01-24,1397,Organisation
21768,2025-01-24,724,Position
21768,2025-01-24,2578,Standort
21768,2025-01-24,2710,Job-Familie
21768,2025-01-28,1397,Organisation
21768,2025-01-28,724,Position
21768,2025-01-28,2578,Standort
21768,2025-01-28,2710,Job-Familie
21768,2025-03-01,1397,Organisation
21768,2025-03-01,724,Position
21768,2025-03-01,2578,Standort
21768,2025-03-01,2710,Job-Familie
21768,2025-03-27,1397,Organisation
21768,2025-03-27,724,Position
21768,2025-03-27,2578,Standort
21768,2025-03-27,2710,Job-Familie
21768,2025-06-01,1382,Organisation
21768,2025-06-01,460,Position
21768,2025-06-01,2578,Standort
21768,2025-06-01,2707,Job-Familie
21769,2024-05-24,2588,Organisation
21769,2024-05-24,2578,Standort
21769,2024-05-31,2588,Organisation
21769,2024-05-31,2578,Standort
21769,2024-07-01,2588,Organisation
21769,2024-07-01,2578,Standort
21769,2024-07-05,2588,Organisation
21769,2024-07-05,2578,Standort
21769,2024-07-15,2588,Organisation
21769,2024-07-15,2578,Standort
21769,2024-07-17,2588,Organisation
21769,2024-07-17,2578,Standort
21769,2024-07-26,2588,Organisation
21769,2024-07-26,2578,Standort
21769,2024-07-29,2588,Organisation
21769,2024-07-29,2578,Standort
21769,2024-08-06,2588,Organisation
21769,2024-08-06,582,Position
21769,2024-08-06,2578,Standort
21769,2024-09-17,2588,Organisation
21769,2024-09-17,582,Position
21769,2024-09-17,2578,Standort
21769,2024-10-09,2588,Organisation
21769,2024-10-09,582,Position
21769,2024-10-09,2578,Standort
21769,2024-10-14,2588,Organisation
21769,2024-10-14,992,Position
21769,2024-10-14,2578,Standort
21769,2024-10-23,2588,Organisation
21769,2024-10-23,992,Position
21769,2024-10-23,2578,Standort
21769,2024-10-23,2708,Job-Familie
21769,2024-12-04,2588,Organisation
21769,2024-12-04,992,Position
21769,2024-12-04,2578,Standort
21769,2024-12-04,2708,Job-Familie
21769,2024-12-09,2588,Organisation
21769,2024-12-09,992,Position
21769,2024-12-09,2578,Standort
21769,2024-12-09,2708,Job-Familie
21769,2024-12-12,2588,Organisation
21769,2024-12-12,992,Position
21769,2024-12-12,2578,Standort
21769,2024-12-12,2708,Job-Familie
21769,2024-12-17,2587,Organisation
21769,2024-12-17,992,Position
21769,2024-12-17,2578,Standort
21769,2024-12-17,2708,Job-Familie
21769,2025-01-28,2587,Organisation
21769,2025-01-28,992,Position
21769,2025-01-28,2578,Standort
21769,2025-01-28,2708,Job-Familie
21769,2025-02-01,1393,Organisation
21769,2025-02-01,992,Position
21769,2025-02-01,2578,Standort
21769,2025-02-01,2708,Job-Familie
21769,2025-03-01,1393,Organisation
21769,2025-03-01,992,Position
21769,2025-03-01,2578,Standort
21769,2025-03-01,2708,Job-Familie
21769,2025-03-27,1393,Organisation
21769,2025-03-27,992,Position
21769,2025-03-27,2578,Standort
21769,2025-03-27,2708,Job-Familie
21769,2025-04-01,1393,Organisation
21769,2025-04-01,992,Position
21769,2025-04-01,2578,Standort
21769,2025-04-01,2708,Job-Familie
21769,2025-04-02,1393,Organisation
21769,2025-04-02,992,Position
21769,2025-04-02,2578,Standort
21769,2025-04-02,2708,Job-Familie
21769,2025-04-11,1393,Organisation
21769,2025-04-11,992,Position
21769,2025-04-11,2578,Standort
21769,2025-04-11,2708,Job-Familie
21770,2024-05-24,2588,Organisation
21770,2024-05-24,2578,Standort
21770,2024-05-31,2589,Organisation
21770,2024-05-31,2578,Standort
21770,2024-07-01,2589,Organisation
21770,2024-07-01,2578,Standort
21770,2024-07-05,2589,Organisation
21770,2024-07-05,2578,Standort
21770,2024-07-15,2589,Organisation
21770,2024-07-15,2578,Standort
21770,2024-07-17,2589,Organisation
21770,2024-07-17,2578,Standort
21770,2024-07-26,2589,Organisation
21770,2024-07-26,2578,Standort
21770,2024-07-29,2589,Organisation
21770,2024-07-29,2578,Standort
21770,2024-09-17,2589,Organisation
21770,2024-09-17,2578,Standort
21770,2024-10-23,2589,Organisation
21770,2024-10-23,2578,Standort
21770,2024-10-23,2710,Job-Familie
21770,2024-12-01,2589,Organisation
21770,2024-12-01,2578,Standort
21770,2024-12-01,2710,Job-Familie
21770,2024-12-02,2589,Organisation
21770,2024-12-02,2578,Standort
21770,2024-12-02,2710,Job-Familie
21770,2024-12-09,2589,Organisation
21770,2024-12-09,2578,Standort
21770,2024-12-09,2710,Job-Familie
21770,2024-12-17,1397,Organisation
21770,2024-12-17,2578,Standort
21770,2024-12-17,2710,Job-Familie
21770,2025-01-24,1397,Organisation
21770,2025-01-24,653,Position
21770,2025-01-24,2578,Standort
21770,2025-01-24,2710,Job-Familie
21770,2025-01-28,1397,Organisation
21770,2025-01-28,653,Position
21770,2025-01-28,2578,Standort
21770,2025-01-28,2710,Job-Familie
21770,2025-03-01,1397,Organisation
21770,2025-03-01,653,Position
21770,2025-03-01,2578,Standort
21770,2025-03-01,2710,Job-Familie
21770,2025-03-27,1397,Organisation
21770,2025-03-27,653,Position
21770,2025-03-27,2578,Standort
21770,2025-03-27,2710,Job-Familie
21770,2025-04-02,1397,Organisation
21770,2025-04-02,653,Position
21770,2025-04-02,2578,Standort
21770,2025-04-02,2710,Job-Familie
21770,2025-05-01,1397,Organisation
21770,2025-05-01,653,Position
21770,2025-05-01,2578,Standort
21770,2025-05-01,2710,Job-Familie
21771,2024-05-24,2589,Organisation
21771,2024-05-24,2578,Standort
21771,2024-07-01,2589,Organisation
21771,2024-07-01,2578,Standort
21771,2024-07-02,2589,Organisation
21771,2024-07-02,2578,Standort
21771,2024-07-05,2589,Organisation
21771,2024-07-05,2578,Standort
21771,2024-07-17,2589,Organisation
21771,2024-07-17,2578,Standort
21771,2024-07-26,2589,Organisation
21771,2024-07-26,2578,Standort
21771,2024-07-29,2589,Organisation
21771,2024-07-29,2578,Standort
21771,2024-09-17,2589,Organisation
21771,2024-09-17,2578,Standort
21771,2024-10-23,2589,Organisation
21771,2024-10-23,2578,Standort
21771,2024-10-23,2710,Job-Familie
21771,2024-12-02,2589,Organisation
21771,2024-12-02,2578,Standort
21771,2024-12-02,2710,Job-Familie
21771,2024-12-11,2589,Organisation
21771,2024-12-11,2578,Standort
21771,2024-12-11,2710,Job-Familie
21771,2025-01-24,2589,Organisation
21771,2025-01-24,582,Position
21771,2025-01-24,2578,Standort
21771,2025-01-24,2710,Job-Familie
21771,2025-01-28,2589,Organisation
21771,2025-01-28,582,Position
21771,2025-01-28,2578,Standort
21771,2025-01-28,2710,Job-Familie
21771,2025-03-01,2589,Organisation
21771,2025-03-01,582,Position
21771,2025-03-01,2578,Standort
21771,2025-03-01,2710,Job-Familie
21771,2025-03-27,2589,Organisation
21771,2025-03-27,582,Position
21771,2025-03-27,2578,Standort
21771,2025-03-27,2710,Job-Familie
21771,2025-06-01,2589,Organisation
21771,2025-06-01,582,Position
21771,2025-06-01,2578,Standort
21771,2025-06-01,2710,Job-Familie
21772,2024-05-24,1378,Organisation
21772,2024-05-24,2578,Standort
21772,2024-06-06,2587,Organisation
21772,2024-06-06,2578,Standort
21772,2024-07-01,2587,Organisation
21772,2024-07-01,2578,Standort
21772,2024-07-05,2587,Organisation
21772,2024-07-05,2578,Standort
21772,2024-07-15,2587,Organisation
21772,2024-07-15,2578,Standort
21772,2024-07-17,2587,Organisation
21772,2024-07-17,2578,Standort
21772,2024-07-26,2587,Organisation
21772,2024-07-26,2578,Standort
21772,2024-07-29,2587,Organisation
21772,2024-07-29,2578,Standort
21772,2024-08-07,2587,Organisation
21772,2024-08-07,2578,Standort
21772,2024-09-17,2587,Organisation
21772,2024-09-17,2578,Standort
21772,2024-10-23,2587,Organisation
21772,2024-10-23,2578,Standort
21772,2024-10-23,2708,Job-Familie
21772,2024-12-02,2587,Organisation
21772,2024-12-02,2578,Standort
21772,2024-12-02,2708,Job-Familie
21772,2024-12-09,2587,Organisation
21772,2024-12-09,2578,Standort
21772,2024-12-09,2708,Job-Familie
21772,2024-12-12,2587,Organisation
21772,2024-12-12,2578,Standort
21772,2024-12-12,2708,Job-Familie
21772,2025-01-24,1412,Organisation
21772,2025-01-24,1419,Position
21772,2025-01-24,2578,Standort
21772,2025-01-24,2708,Job-Familie
21772,2025-02-01,1412,Organisation
21772,2025-02-01,1419,Position
21772,2025-02-01,2578,Standort
21772,2025-02-01,2708,Job-Familie
21772,2025-03-01,1412,Organisation
21772,2025-03-01,1419,Position
21772,2025-03-01,2578,Standort
21772,2025-03-01,2708,Job-Familie
21772,2025-03-27,1412,Organisation
21772,2025-03-27,1419,Position
21772,2025-03-27,2578,Standort
21772,2025-03-27,2708,Job-Familie
21773,2024-05-24,2588,Organisation
21773,2024-05-24,2578,Standort
21773,2024-05-31,2589,Organisation
21773,2024-05-31,2578,Standort
21773,2024-07-01,2589,Organisation
21773,2024-07-01,2578,Standort
21773,2024-07-05,2589,Organisation
21773,2024-07-05,2578,Standort
21773,2024-07-15,2589,Organisation
21773,2024-07-15,2578,Standort
21773,2024-07-17,2589,Organisation
21773,2024-07-17,2578,Standort
21773,2024-07-26,2589,Organisation
21773,2024-07-26,2578,Standort
21773,2024-07-29,2589,Organisation
21773,2024-07-29,2578,Standort
21773,2024-09-17,2589,Organisation
21773,2024-09-17,2578,Standort
21773,2024-10-23,2589,Organisation
21773,2024-10-23,2578,Standort
21773,2024-10-23,2710,Job-Familie
21773,2024-12-01,2589,Organisation
21773,2024-12-01,2578,Standort
21773,2024-12-01,2710,Job-Familie
21773,2024-12-02,2589,Organisation
21773,2024-12-02,2578,Standort
21773,2024-12-02,2710,Job-Familie
21773,2024-12-09,2589,Organisation
21773,2024-12-09,2578,Standort
21773,2024-12-09,2710,Job-Familie
21773,2024-12-17,1397,Organisation
21773,2024-12-17,2578,Standort
21773,2024-12-17,2710,Job-Familie
21773,2025-01-24,1397,Organisation
21773,2025-01-24,653,Position
21773,2025-01-24,2578,Standort
21773,2025-01-24,2710,Job-Familie
21773,2025-01-28,1397,Organisation
21773,2025-01-28,653,Position
21773,2025-01-28,2578,Standort
21773,2025-01-28,2710,Job-Familie
21773,2025-03-01,1397,Organisation
21773,2025-03-01,653,Position
21773,2025-03-01,2578,Standort
21773,2025-03-01,2710,Job-Familie
21773,2025-03-27,1397,Organisation
21773,2025-03-27,653,Position
21773,2025-03-27,2578,Standort
21773,2025-03-27,2710,Job-Familie
21773,2025-05-01,1397,Organisation
21773,2025-05-01,653,Position
21773,2025-05-01,2578,Standort
21773,2025-05-01,2710,Job-Familie
21774,2024-05-24,2590,Organisation
21774,2024-05-24,2578,Standort
21774,2024-07-01,2590,Organisation
21774,2024-07-01,2578,Standort
21774,2024-07-05,2590,Organisation
21774,2024-07-05,2578,Standort
21774,2024-07-15,2590,Organisation
21774,2024-07-15,2578,Standort
21774,2024-07-17,2590,Organisation
21774,2024-07-17,2578,Standort
21774,2024-07-26,2590,Organisation
21774,2024-07-26,2578,Standort
21774,2024-07-29,2590,Organisation
21774,2024-07-29,2578,Standort
21774,2024-09-17,2590,Organisation
21774,2024-09-17,2578,Standort
21774,2024-10-23,2590,Organisation
21774,2024-10-23,2578,Standort
21774,2024-10-23,2702,Job-Familie
21774,2024-12-01,2590,Organisation
21774,2024-12-01,2578,Standort
21774,2024-12-01,2702,Job-Familie
21774,2024-12-02,2590,Organisation
21774,2024-12-02,2578,Standort
21774,2024-12-02,2702,Job-Familie
21774,2024-12-11,2590,Organisation
21774,2024-12-11,2578,Standort
21774,2024-12-11,2702,Job-Familie
21774,2025-01-24,2590,Organisation
21774,2025-01-24,461,Position
21774,2025-01-24,2578,Standort
21774,2025-01-24,2702,Job-Familie
21774,2025-02-03,2590,Organisation
21774,2025-02-03,461,Position
21774,2025-02-03,2578,Standort
21774,2025-02-03,2702,Job-Familie
21774,2025-03-01,2590,Organisation
21774,2025-03-01,461,Position
21774,2025-03-01,2578,Standort
21774,2025-03-01,2702,Job-Familie
21774,2025-03-27,2590,Organisation
21774,2025-03-27,461,Position
21774,2025-03-27,2578,Standort
21774,2025-03-27,2702,Job-Familie
21774,2025-05-27,2590,Organisation
21774,2025-05-27,461,Position
21774,2025-05-27,2578,Standort
21774,2025-05-27,2702,Job-Familie
21775,2024-05-24,2589,Organisation
21775,2024-05-24,2578,Standort
21775,2024-05-31,2589,Organisation
21775,2024-05-31,2578,Standort
21775,2024-07-01,2589,Organisation
21775,2024-07-01,2578,Standort
21775,2024-07-05,2589,Organisation
21775,2024-07-05,2578,Standort
21775,2024-07-11,2589,Organisation
21775,2024-07-11,2578,Standort
21775,2024-07-15,2589,Organisation
21775,2024-07-15,2578,Standort
21775,2024-07-17,2589,Organisation
21775,2024-07-17,2578,Standort
21775,2024-07-26,2589,Organisation
21775,2024-07-26,2578,Standort
21775,2024-07-29,2589,Organisation
21775,2024-07-29,2578,Standort
21775,2024-09-17,2589,Organisation
21775,2024-09-17,2578,Standort
21775,2024-10-23,2589,Organisation
21775,2024-10-23,2578,Standort
21775,2024-10-23,2710,Job-Familie
21775,2024-12-01,2589,Organisation
21775,2024-12-01,2578,Standort
21775,2024-12-01,2710,Job-Familie
21775,2024-12-02,2589,Organisation
21775,2024-12-02,2578,Standort
21775,2024-12-02,2710,Job-Familie
21775,2024-12-09,2589,Organisation
21775,2024-12-09,2578,Standort
21775,2024-12-09,2710,Job-Familie
21775,2025-01-24,2589,Organisation
21775,2025-01-24,617,Position
21775,2025-01-24,2578,Standort
21775,2025-01-24,2710,Job-Familie
21775,2025-01-28,2589,Organisation
21775,2025-01-28,617,Position
21775,2025-01-28,2578,Standort
21775,2025-01-28,2710,Job-Familie
21775,2025-03-01,2589,Organisation
21775,2025-03-01,617,Position
21775,2025-03-01,2578,Standort
21775,2025-03-01,2710,Job-Familie
21775,2025-03-27,2589,Organisation
21775,2025-03-27,617,Position
21775,2025-03-27,2578,Standort
21775,2025-03-27,2710,Job-Familie
21776,2024-05-24,2589,Organisation
21776,2024-05-24,2578,Standort
21776,2024-05-31,2589,Organisation
21776,2024-05-31,2578,Standort
21776,2024-07-01,2589,Organisation
21776,2024-07-01,2578,Standort
21776,2024-07-05,2589,Organisation
21776,2024-07-05,2578,Standort
21776,2024-07-15,2589,Organisation
21776,2024-07-15,2578,Standort
21776,2024-07-17,2589,Organisation
21776,2024-07-17,2578,Standort
21776,2024-07-26,2589,Organisation
21776,2024-07-26,2578,Standort
21776,2024-07-29,2589,Organisation
21776,2024-07-29,2578,Standort
21776,2024-08-01,2589,Organisation
21776,2024-08-01,2578,Standort
21776,2024-09-17,2589,Organisation
21776,2024-09-17,2578,Standort
21776,2024-10-08,2589,Organisation
21776,2024-10-08,2578,Standort
21776,2024-10-23,2589,Organisation
21776,2024-10-23,2578,Standort
21776,2024-10-23,2710,Job-Familie
21776,2024-11-26,2589,Organisation
21776,2024-11-26,2578,Standort
21776,2024-11-26,2710,Job-Familie
21776,2024-12-01,2589,Organisation
21776,2024-12-01,2578,Standort
21776,2024-12-01,2710,Job-Familie
21776,2024-12-04,2589,Organisation
21776,2024-12-04,2578,Standort
21776,2024-12-04,2710,Job-Familie
21776,2024-12-06,2589,Organisation
21776,2024-12-06,743,Position
21776,2024-12-06,2578,Standort
21776,2024-12-06,2710,Job-Familie
21776,2024-12-11,2589,Organisation
21776,2024-12-11,743,Position
21776,2024-12-11,2578,Standort
21776,2024-12-11,2710,Job-Familie
21776,2024-12-27,2589,Organisation
21776,2024-12-27,743,Position
21776,2024-12-27,2578,Standort
21776,2024-12-27,2710,Job-Familie
21776,2025-01-28,2589,Organisation
21776,2025-01-28,743,Position
21776,2025-01-28,2578,Standort
21776,2025-01-28,2710,Job-Familie
21776,2025-01-31,2589,Organisation
21776,2025-01-31,743,Position
21776,2025-01-31,2578,Standort
21776,2025-01-31,2710,Job-Familie
21776,2025-02-01,2884,Organisation
21776,2025-02-01,743,Position
21776,2025-02-01,2578,Standort
21776,2025-02-01,2710,Job-Familie
21776,2025-03-01,2884,Organisation
21776,2025-03-01,743,Position
21776,2025-03-01,2578,Standort
21776,2025-03-01,2710,Job-Familie
21776,2025-03-27,2884,Organisation
21776,2025-03-27,743,Position
21776,2025-03-27,2578,Standort
21776,2025-03-27,2710,Job-Familie
21776,2025-04-01,2884,Organisation
21776,2025-04-01,743,Position
21776,2025-04-01,2578,Standort
21776,2025-04-01,2710,Job-Familie
21777,2024-05-24,2588,Organisation
21777,2024-05-24,2578,Standort
21777,2024-06-12,2588,Organisation
21777,2024-06-12,608,Position
21777,2024-06-12,2578,Standort
21777,2024-07-01,2588,Organisation
21777,2024-07-01,608,Position
21777,2024-07-01,2578,Standort
21777,2024-07-05,2588,Organisation
21777,2024-07-05,608,Position
21777,2024-07-05,2578,Standort
21777,2024-07-17,2588,Organisation
21777,2024-07-17,608,Position
21777,2024-07-17,2578,Standort
21777,2024-07-26,2588,Organisation
21777,2024-07-26,608,Position
21777,2024-07-26,2578,Standort
21777,2024-07-29,2588,Organisation
21777,2024-07-29,608,Position
21777,2024-07-29,2578,Standort
21777,2024-08-06,2588,Organisation
21777,2024-08-06,608,Position
21777,2024-08-06,2578,Standort
21777,2024-10-23,2588,Organisation
21777,2024-10-23,608,Position
21777,2024-10-23,2578,Standort
21777,2024-10-23,2702,Job-Familie
21777,2024-12-17,1397,Organisation
21777,2024-12-17,608,Position
21777,2024-12-17,2578,Standort
21777,2024-12-17,2702,Job-Familie
21777,2025-01-24,1397,Organisation
21777,2025-01-24,653,Position
21777,2025-01-24,2578,Standort
21777,2025-01-24,2702,Job-Familie
21777,2025-03-01,1397,Organisation
21777,2025-03-01,653,Position
21777,2025-03-01,2578,Standort
21777,2025-03-01,2710,Job-Familie
21777,2025-03-27,1397,Organisation
21777,2025-03-27,653,Position
21777,2025-03-27,2578,Standort
21777,2025-03-27,2710,Job-Familie
21778,2024-05-24,2589,Organisation
21778,2024-05-24,2578,Standort
21778,2024-07-01,2589,Organisation
21778,2024-07-01,2578,Standort
21778,2024-07-02,2589,Organisation
21778,2024-07-02,2578,Standort
21778,2024-07-05,2589,Organisation
21778,2024-07-05,2578,Standort
21778,2024-07-15,2589,Organisation
21778,2024-07-15,2578,Standort
21778,2024-07-17,2589,Organisation
21778,2024-07-17,2578,Standort
21778,2024-07-26,2589,Organisation
21778,2024-07-26,2578,Standort
21778,2024-07-29,2589,Organisation
21778,2024-07-29,2578,Standort
21778,2024-08-01,2589,Organisation
21778,2024-08-01,2578,Standort
21778,2024-09-17,2589,Organisation
21778,2024-09-17,2578,Standort
21778,2024-10-08,2589,Organisation
21778,2024-10-08,2578,Standort
21778,2024-10-23,2589,Organisation
21778,2024-10-23,2578,Standort
21778,2024-10-23,2710,Job-Familie
21778,2024-11-26,2589,Organisation
21778,2024-11-26,2578,Standort
21778,2024-11-26,2710,Job-Familie
21778,2024-12-04,2589,Organisation
21778,2024-12-04,2578,Standort
21778,2024-12-04,2710,Job-Familie
21778,2024-12-06,2589,Organisation
21778,2024-12-06,743,Position
21778,2024-12-06,2578,Standort
21778,2024-12-06,2710,Job-Familie
21778,2024-12-09,2589,Organisation
21778,2024-12-09,743,Position
21778,2024-12-09,2578,Standort
21778,2024-12-09,2710,Job-Familie
21778,2024-12-12,2589,Organisation
21778,2024-12-12,743,Position
21778,2024-12-12,2578,Standort
21778,2024-12-12,2710,Job-Familie
21778,2024-12-27,2589,Organisation
21778,2024-12-27,743,Position
21778,2024-12-27,2578,Standort
21778,2024-12-27,2710,Job-Familie
21778,2025-01-28,2589,Organisation
21778,2025-01-28,743,Position
21778,2025-01-28,2578,Standort
21778,2025-01-28,2710,Job-Familie
21778,2025-01-31,2589,Organisation
21778,2025-01-31,743,Position
21778,2025-01-31,2578,Standort
21778,2025-01-31,2710,Job-Familie
21778,2025-02-01,2884,Organisation
21778,2025-02-01,743,Position
21778,2025-02-01,2578,Standort
21778,2025-02-01,2710,Job-Familie
21778,2025-03-01,2884,Organisation
21778,2025-03-01,743,Position
21778,2025-03-01,2578,Standort
21778,2025-03-01,2710,Job-Familie
21778,2025-03-27,2884,Organisation
21778,2025-03-27,743,Position
21778,2025-03-27,2578,Standort
21778,2025-03-27,2710,Job-Familie
21779,2024-05-24,2589,Organisation
21779,2024-05-24,2578,Standort
21779,2024-07-01,2589,Organisation
21779,2024-07-01,2578,Standort
21779,2024-07-02,2589,Organisation
21779,2024-07-02,2578,Standort
21779,2024-07-05,2589,Organisation
21779,2024-07-05,2578,Standort
21779,2024-07-15,2589,Organisation
21779,2024-07-15,2578,Standort
21779,2024-07-17,2589,Organisation
21779,2024-07-17,2578,Standort
21779,2024-07-26,2589,Organisation
21779,2024-07-26,2578,Standort
21779,2024-07-29,2589,Organisation
21779,2024-07-29,2578,Standort
21779,2024-08-01,2589,Organisation
21779,2024-08-01,2578,Standort
21779,2024-09-17,2589,Organisation
21779,2024-09-17,2578,Standort
21779,2024-10-14,2589,Organisation
21779,2024-10-14,2578,Standort
21779,2024-10-23,2589,Organisation
21779,2024-10-23,2578,Standort
21779,2024-10-23,2710,Job-Familie
21779,2024-11-26,2589,Organisation
21779,2024-11-26,2578,Standort
21779,2024-11-26,2710,Job-Familie
21779,2024-12-04,2589,Organisation
21779,2024-12-04,2578,Standort
21779,2024-12-04,2710,Job-Familie
21779,2024-12-06,2589,Organisation
21779,2024-12-06,743,Position
21779,2024-12-06,2578,Standort
21779,2024-12-06,2710,Job-Familie
21779,2024-12-09,2589,Organisation
21779,2024-12-09,743,Position
21779,2024-12-09,2578,Standort
21779,2024-12-09,2710,Job-Familie
21779,2024-12-12,2589,Organisation
21779,2024-12-12,743,Position
21779,2024-12-12,2578,Standort
21779,2024-12-12,2710,Job-Familie
21779,2024-12-27,2589,Organisation
21779,2024-12-27,743,Position
21779,2024-12-27,2578,Standort
21779,2024-12-27,2710,Job-Familie
21779,2025-01-28,2589,Organisation
21779,2025-01-28,743,Position
21779,2025-01-28,2578,Standort
21779,2025-01-28,2710,Job-Familie
21779,2025-01-31,2589,Organisation
21779,2025-01-31,743,Position
21779,2025-01-31,2578,Standort
21779,2025-01-31,2710,Job-Familie
21779,2025-02-01,2884,Organisation
21779,2025-02-01,743,Position
21779,2025-02-01,2578,Standort
21779,2025-02-01,2710,Job-Familie
21779,2025-03-01,2884,Organisation
21779,2025-03-01,743,Position
21779,2025-03-01,2578,Standort
21779,2025-03-01,2710,Job-Familie
21779,2025-03-27,2884,Organisation
21779,2025-03-27,743,Position
21779,2025-03-27,2578,Standort
21779,2025-03-27,2710,Job-Familie
21779,2025-04-01,2884,Organisation
21779,2025-04-01,743,Position
21779,2025-04-01,2578,Standort
21779,2025-04-01,2710,Job-Familie
21780,2024-05-24,2590,Organisation
21780,2024-05-24,2578,Standort
21780,2024-07-01,2590,Organisation
21780,2024-07-01,2578,Standort
21780,2024-07-05,2590,Organisation
21780,2024-07-05,2578,Standort
21780,2024-07-15,2590,Organisation
21780,2024-07-15,2578,Standort
21780,2024-07-17,2590,Organisation
21780,2024-07-17,2578,Standort
21780,2024-07-26,2590,Organisation
21780,2024-07-26,2578,Standort
21780,2024-07-29,2590,Organisation
21780,2024-07-29,2578,Standort
21780,2024-08-07,2590,Organisation
21780,2024-08-07,2578,Standort
21780,2024-09-17,2590,Organisation
21780,2024-09-17,2578,Standort
21780,2024-10-23,2590,Organisation
21780,2024-10-23,2578,Standort
21780,2024-10-23,2702,Job-Familie
21780,2024-12-02,2590,Organisation
21780,2024-12-02,2578,Standort
21780,2024-12-02,2702,Job-Familie
21780,2024-12-09,2590,Organisation
21780,2024-12-09,2578,Standort
21780,2024-12-09,2702,Job-Familie
21780,2024-12-12,2590,Organisation
21780,2024-12-12,2578,Standort
21780,2024-12-12,2702,Job-Familie
21780,2025-01-24,1411,Organisation
21780,2025-01-24,461,Position
21780,2025-01-24,2578,Standort
21780,2025-01-24,2702,Job-Familie
21780,2025-03-01,1411,Organisation
21780,2025-03-01,461,Position
21780,2025-03-01,2578,Standort
21780,2025-03-01,2702,Job-Familie
21780,2025-03-27,1411,Organisation
21780,2025-03-27,461,Position
21780,2025-03-27,2578,Standort
21780,2025-03-27,2702,Job-Familie
21781,2024-05-24,2589,Organisation
21781,2024-05-24,2578,Standort
21781,2024-06-12,2589,Organisation
21781,2024-06-12,2578,Standort
21781,2024-06-14,2589,Organisation
21781,2024-06-14,2578,Standort
21781,2024-07-01,2589,Organisation
21781,2024-07-01,2578,Standort
21781,2024-07-02,2589,Organisation
21781,2024-07-02,2578,Standort
21781,2024-07-05,2589,Organisation
21781,2024-07-05,2578,Standort
21781,2024-07-15,2589,Organisation
21781,2024-07-15,2578,Standort
21781,2024-07-17,2589,Organisation
21781,2024-07-17,2578,Standort
21781,2024-07-26,2589,Organisation
21781,2024-07-26,2578,Standort
21781,2024-07-29,2589,Organisation
21781,2024-07-29,2578,Standort
21781,2024-08-20,2589,Organisation
21781,2024-08-20,2578,Standort
21781,2024-09-17,2589,Organisation
21781,2024-09-17,2578,Standort
21781,2024-10-23,2589,Organisation
21781,2024-10-23,2578,Standort
21781,2024-10-23,2710,Job-Familie
21781,2024-12-01,2589,Organisation
21781,2024-12-01,2578,Standort
21781,2024-12-01,2710,Job-Familie
21781,2024-12-11,2589,Organisation
21781,2024-12-11,2578,Standort
21781,2024-12-11,2710,Job-Familie
21781,2025-01-24,2589,Organisation
21781,2025-01-24,617,Position
21781,2025-01-24,2578,Standort
21781,2025-01-24,2710,Job-Familie
21781,2025-01-28,2589,Organisation
21781,2025-01-28,617,Position
21781,2025-01-28,2578,Standort
21781,2025-01-28,2710,Job-Familie
21781,2025-03-01,2589,Organisation
21781,2025-03-01,617,Position
21781,2025-03-01,2578,Standort
21781,2025-03-01,2710,Job-Familie
21781,2025-03-27,2589,Organisation
21781,2025-03-27,617,Position
21781,2025-03-27,2578,Standort
21781,2025-03-27,2710,Job-Familie
21782,2024-05-24,2589,Organisation
21782,2024-05-24,2578,Standort
21782,2024-07-01,2589,Organisation
21782,2024-07-01,2578,Standort
21782,2024-07-02,2589,Organisation
21782,2024-07-02,2578,Standort
21782,2024-07-05,2589,Organisation
21782,2024-07-05,2578,Standort
21782,2024-07-15,2589,Organisation
21782,2024-07-15,2578,Standort
21782,2024-07-17,2589,Organisation
21782,2024-07-17,2578,Standort
21782,2024-07-26,2589,Organisation
21782,2024-07-26,2578,Standort
21782,2024-07-29,2589,Organisation
21782,2024-07-29,2578,Standort
21782,2024-09-17,2589,Organisation
21782,2024-09-17,2578,Standort
21782,2024-10-23,2589,Organisation
21782,2024-10-23,2578,Standort
21782,2024-10-23,2710,Job-Familie
21782,2024-12-01,2589,Organisation
21782,2024-12-01,2578,Standort
21782,2024-12-01,2710,Job-Familie
21782,2024-12-02,2589,Organisation
21782,2024-12-02,2578,Standort
21782,2024-12-02,2710,Job-Familie
21782,2024-12-11,2589,Organisation
21782,2024-12-11,2578,Standort
21782,2024-12-11,2710,Job-Familie
21782,2025-01-24,2589,Organisation
21782,2025-01-24,685,Position
21782,2025-01-24,2578,Standort
21782,2025-01-24,2710,Job-Familie
21782,2025-01-28,2589,Organisation
21782,2025-01-28,685,Position
21782,2025-01-28,2578,Standort
21782,2025-01-28,2710,Job-Familie
21782,2025-03-01,2589,Organisation
21782,2025-03-01,685,Position
21782,2025-03-01,2578,Standort
21782,2025-03-01,2710,Job-Familie
21782,2025-03-27,2589,Organisation
21782,2025-03-27,685,Position
21782,2025-03-27,2578,Standort
21782,2025-03-27,2710,Job-Familie
21857,2024-07-15,540,Organisation
21857,2024-07-15,743,Position
21857,2024-07-15,2578,Standort
21857,2024-07-25,540,Organisation
21857,2024-07-25,743,Position
21857,2024-07-25,2578,Standort
21857,2024-07-26,1414,Organisation
21857,2024-07-26,743,Position
21857,2024-07-26,2578,Standort
21857,2024-08-22,540,Organisation
21857,2024-08-22,743,Position
21857,2024-08-22,2578,Standort
21857,2024-08-30,1414,Organisation
21857,2024-08-30,743,Position
21857,2024-08-30,2578,Standort
21857,2024-09-01,2590,Organisation
21857,2024-09-01,743,Position
21857,2024-09-01,2578,Standort
21857,2024-09-01,2710,Job-Familie
21857,2024-10-23,2590,Organisation
21857,2024-10-23,743,Position
21857,2024-10-23,2578,Standort
21857,2024-10-23,2704,Job-Familie
21857,2024-11-26,2590,Organisation
21857,2024-11-26,743,Position
21857,2024-11-26,2578,Standort
21857,2024-11-26,2704,Job-Familie
21857,2024-11-29,2590,Organisation
21857,2024-11-29,743,Position
21857,2024-11-29,2578,Standort
21857,2024-11-29,2704,Job-Familie
21857,2024-12-09,2590,Organisation
21857,2024-12-09,743,Position
21857,2024-12-09,2578,Standort
21857,2024-12-09,2704,Job-Familie
21857,2025-01-31,2590,Organisation
21857,2025-01-31,743,Position
21857,2025-01-31,2578,Standort
21857,2025-01-31,2704,Job-Familie
21857,2025-02-01,2884,Organisation
21857,2025-02-01,743,Position
21857,2025-02-01,2578,Standort
21857,2025-02-01,2704,Job-Familie
21857,2025-03-01,2884,Organisation
21857,2025-03-01,743,Position
21857,2025-03-01,2578,Standort
21857,2025-03-01,2704,Job-Familie
21857,2025-03-27,2884,Organisation
21857,2025-03-27,743,Position
21857,2025-03-27,2578,Standort
21857,2025-03-27,2704,Job-Familie
21915,2024-05-28,210,Organisation
21915,2024-07-30,2625,Organisation
21915,2025-04-16,2625,Organisation
21942,2024-07-08,536,Organisation
21942,2024-07-09,536,Organisation
21942,2024-07-22,536,Organisation
21942,2024-08-12,523,Organisation
21942,2024-08-23,523,Organisation
21942,2024-08-30,1343,Organisation
21942,2024-08-30,689,Position
21942,2024-08-30,421,Standort
21942,2024-09-01,1343,Organisation
21942,2024-09-01,689,Position
21942,2024-09-01,421,Standort
21942,2024-09-06,1343,Organisation
21942,2024-09-06,689,Position
21942,2024-09-06,421,Standort
21942,2024-09-17,1343,Organisation
21942,2024-09-17,689,Position
21942,2024-09-17,421,Standort
21942,2024-10-23,1343,Organisation
21942,2024-10-23,689,Position
21942,2024-10-23,421,Standort
21942,2024-10-23,2711,Job-Familie
21942,2024-11-22,1343,Organisation
21942,2024-11-22,689,Position
21942,2024-11-22,421,Standort
21942,2024-11-22,2711,Job-Familie
21942,2024-11-26,1343,Organisation
21942,2024-11-26,689,Position
21942,2024-11-26,421,Standort
21942,2024-11-26,2711,Job-Familie
21942,2025-01-01,1343,Organisation
21942,2025-01-01,689,Position
21942,2025-01-01,2658,Standort
21942,2025-01-01,421,Standort
21942,2025-01-01,2711,Job-Familie
21942,2025-03-19,1343,Organisation
21942,2025-03-19,689,Position
21942,2025-03-19,2658,Standort
21942,2025-03-19,421,Standort
21942,2025-03-19,2711,Job-Familie
21942,2025-03-27,1343,Organisation
21942,2025-03-27,689,Position
21942,2025-03-27,2658,Standort
21942,2025-03-27,421,Standort
21942,2025-03-27,2711,Job-Familie
21982,2024-06-25,536,Organisation
21982,2024-06-26,536,Organisation
21982,2024-07-01,849,Organisation
21982,2024-07-12,849,Organisation
21982,2024-07-12,1250,Position
21982,2024-07-12,1105,Standort
21982,2024-07-15,849,Organisation
21982,2024-07-15,1250,Position
21982,2024-07-15,1105,Standort
21982,2024-07-17,849,Organisation
21982,2024-07-17,1250,Position
21982,2024-07-17,1105,Standort
21982,2024-07-26,849,Organisation
21982,2024-07-26,1250,Position
21982,2024-07-26,1105,Standort
21982,2024-07-29,849,Organisation
21982,2024-07-29,1250,Position
21982,2024-07-29,1105,Standort
21982,2024-09-17,849,Organisation
21982,2024-09-17,1250,Position
21982,2024-09-17,1105,Standort
21982,2024-10-07,849,Organisation
21982,2024-10-07,1250,Position
21982,2024-10-07,2655,Standort
21982,2024-10-07,1105,Standort
21982,2024-10-08,849,Organisation
21982,2024-10-08,1250,Position
21982,2024-10-08,2655,Standort
21982,2024-10-08,1105,Standort
21982,2024-10-23,849,Organisation
21982,2024-10-23,1250,Position
21982,2024-10-23,2655,Standort
21982,2024-10-23,1105,Standort
21982,2024-10-23,2711,Job-Familie
21982,2024-10-24,849,Organisation
21982,2024-10-24,1250,Position
21982,2024-10-24,2655,Standort
21982,2024-10-24,1105,Standort
21982,2024-10-24,2711,Job-Familie
21982,2024-10-25,849,Organisation
21982,2024-10-25,1250,Position
21982,2024-10-25,2655,Standort
21982,2024-10-25,1105,Standort
21982,2024-10-25,2711,Job-Familie
22147,2024-06-28,536,Organisation
22147,2024-11-21,536,Organisation
22147,2024-11-29,849,Organisation
22147,2024-11-29,1250,Position
22147,2024-11-29,1105,Standort
22147,2024-12-01,849,Organisation
22147,2024-12-01,1250,Position
22147,2024-12-01,1105,Standort
22147,2024-12-02,849,Organisation
22147,2024-12-02,1250,Position
22147,2024-12-02,1105,Standort
22147,2024-12-02,2711,Job-Familie
22147,2024-12-05,849,Organisation
22147,2024-12-05,1250,Position
22147,2024-12-05,1105,Standort
22147,2024-12-05,2711,Job-Familie
22147,2024-12-12,849,Organisation
22147,2024-12-12,1250,Position
22147,2024-12-12,2655,Standort
22147,2024-12-12,1105,Standort
22147,2024-12-12,2711,Job-Familie
22147,2025-01-13,849,Organisation
22147,2025-01-13,1250,Position
22147,2025-01-13,2655,Standort
22147,2025-01-13,1105,Standort
22147,2025-01-13,2711,Job-Familie
22147,2025-03-20,2492,Organisation
22147,2025-03-20,1250,Position
22147,2025-03-20,2655,Standort
22147,2025-03-20,1105,Standort
22147,2025-03-20,2711,Job-Familie
22147,2025-04-07,2492,Organisation
22147,2025-04-07,1250,Position
22147,2025-04-07,2655,Standort
22147,2025-04-07,1105,Standort
22147,2025-04-07,2711,Job-Familie
22147,2025-04-08,2492,Organisation
22147,2025-04-08,1250,Position
22147,2025-04-08,2655,Standort
22147,2025-04-08,1105,Standort
22147,2025-04-08,2711,Job-Familie
22147,2025-06-01,2492,Organisation
22147,2025-06-01,1250,Position
22147,2025-06-01,2655,Standort
22147,2025-06-01,1105,Standort
22147,2025-06-01,2711,Job-Familie
22165,2024-03-01,2480,Organisation
22165,2024-03-01,780,Position
22165,2024-03-01,420,Standort
22165,2024-06-04,2480,Organisation
22165,2024-06-04,780,Position
22165,2024-06-04,420,Standort
22165,2024-07-01,2480,Organisation
22165,2024-07-01,780,Position
22165,2024-07-01,420,Standort
22165,2024-07-17,2480,Organisation
22165,2024-07-17,780,Position
22165,2024-07-17,420,Standort
22165,2024-07-22,2480,Organisation
22165,2024-07-22,780,Position
22165,2024-07-22,420,Standort
22165,2024-07-23,2480,Organisation
22165,2024-07-23,780,Position
22165,2024-07-23,420,Standort
22166,2024-06-18,529,Organisation
22166,2024-06-18,653,Position
22166,2024-06-24,529,Organisation
22166,2024-06-24,653,Position
22166,2024-07-30,529,Organisation
22166,2024-07-30,653,Position
22166,2024-07-31,2595,Organisation
22166,2024-07-31,653,Position
22166,2024-07-31,408,Standort
22166,2024-08-01,2595,Organisation
22166,2024-08-01,653,Position
22166,2024-08-01,428,Standort
22166,2024-08-21,2595,Organisation
22166,2024-08-21,653,Position
22166,2024-08-21,428,Standort
22166,2024-09-01,2595,Organisation
22166,2024-09-01,653,Position
22166,2024-09-01,428,Standort
22166,2024-09-17,2595,Organisation
22166,2024-09-17,653,Position
22166,2024-09-17,428,Standort
22166,2024-10-01,2595,Organisation
22166,2024-10-01,653,Position
22166,2024-10-01,428,Standort
22166,2024-10-23,2595,Organisation
22166,2024-10-23,653,Position
22166,2024-10-23,428,Standort
22166,2024-10-23,2710,Job-Familie
22166,2024-12-16,2595,Organisation
22166,2024-12-16,653,Position
22166,2024-12-16,428,Standort
22166,2024-12-16,2710,Job-Familie
22166,2025-01-30,2595,Organisation
22166,2025-01-30,653,Position
22166,2025-01-30,428,Standort
22166,2025-01-30,2710,Job-Familie
22166,2025-02-12,2595,Organisation
22166,2025-02-12,653,Position
22166,2025-02-12,428,Standort
22166,2025-02-12,2710,Job-Familie
22166,2025-03-27,2595,Organisation
22166,2025-03-27,653,Position
22166,2025-03-27,428,Standort
22166,2025-03-27,2710,Job-Familie
22166,2025-04-02,2595,Organisation
22166,2025-04-02,653,Position
22166,2025-04-02,428,Standort
22166,2025-04-02,2710,Job-Familie
22348,2024-07-09,1388,Organisation
22348,2024-07-09,459,Position
22348,2024-07-09,765,Standort
22348,2024-07-17,1388,Organisation
22348,2024-07-17,459,Position
22348,2024-07-17,765,Standort
22348,2024-07-25,540,Organisation
22348,2024-07-25,459,Position
22348,2024-07-25,765,Standort
22348,2024-07-26,1388,Organisation
22348,2024-07-26,459,Position
22348,2024-07-26,765,Standort
22348,2024-07-29,1388,Organisation
22348,2024-07-29,459,Position
22348,2024-07-29,765,Standort
22348,2024-08-01,1388,Organisation
22348,2024-08-01,150,Position
22348,2024-08-01,765,Standort
22348,2024-09-06,1388,Organisation
22348,2024-09-06,459,Position
22348,2024-09-06,765,Standort
22348,2024-10-23,1388,Organisation
22348,2024-10-23,459,Position
22348,2024-10-23,765,Standort
22348,2024-10-23,2710,Job-Familie
22348,2024-12-01,1388,Organisation
22348,2024-12-01,459,Position
22348,2024-12-01,765,Standort
22348,2024-12-01,2710,Job-Familie
22348,2024-12-02,1388,Organisation
22348,2024-12-02,459,Position
22348,2024-12-02,765,Standort
22348,2024-12-02,2710,Job-Familie
22348,2024-12-04,1388,Organisation
22348,2024-12-04,459,Position
22348,2024-12-04,765,Standort
22348,2024-12-04,2710,Job-Familie
22348,2024-12-05,1388,Organisation
22348,2024-12-05,459,Position
22348,2024-12-05,765,Standort
22348,2024-12-05,2710,Job-Familie
22348,2024-12-09,1388,Organisation
22348,2024-12-09,459,Position
22348,2024-12-09,765,Standort
22348,2024-12-09,2710,Job-Familie
22348,2024-12-12,1388,Organisation
22348,2024-12-12,459,Position
22348,2024-12-12,765,Standort
22348,2024-12-12,2710,Job-Familie
22348,2025-01-02,2536,Organisation
22348,2025-01-02,459,Position
22348,2025-01-02,765,Standort
22348,2025-01-02,2710,Job-Familie
22348,2025-02-01,2536,Organisation
22348,2025-02-01,459,Position
22348,2025-02-01,765,Standort
22348,2025-02-01,2710,Job-Familie
22348,2025-02-03,2536,Organisation
22348,2025-02-03,459,Position
22348,2025-02-03,765,Standort
22348,2025-02-03,2710,Job-Familie
22348,2025-03-27,2536,Organisation
22348,2025-03-27,459,Position
22348,2025-03-27,765,Standort
22348,2025-03-27,2710,Job-Familie
22348,2025-05-27,2536,Organisation
22348,2025-05-27,459,Position
22348,2025-05-27,765,Standort
22348,2025-05-27,2710,Job-Familie
22534,2025-02-06,523,Organisation
22534,2025-02-07,523,Organisation
22534,2025-02-07,2710,Job-Familie
22534,2025-04-01,523,Organisation
22534,2025-04-01,2658,Standort
22534,2025-04-01,2710,Job-Familie
22534,2025-04-14,155,Organisation
22534,2025-04-14,689,Position
22534,2025-04-14,2658,Standort
22534,2025-04-14,421,Standort
22534,2025-04-14,2710,Job-Familie
22534,2025-04-15,1343,Organisation
22534,2025-04-15,689,Position
22534,2025-04-15,2658,Standort
22534,2025-04-15,421,Standort
22534,2025-04-15,2711,Job-Familie
22534,2025-04-16,1343,Organisation
22534,2025-04-16,689,Position
22534,2025-04-16,2658,Standort
22534,2025-04-16,421,Standort
22534,2025-04-16,2711,Job-Familie
22534,2025-05-06,1343,Organisation
22534,2025-05-06,689,Position
22534,2025-05-06,2658,Standort
22534,2025-05-06,421,Standort
22534,2025-05-06,2711,Job-Familie
22540,2024-01-01,1110,Organisation
22540,2024-01-01,743,Position
22540,2024-01-01,2853,Standort
22540,2024-01-01,427,Standort
22540,2024-07-10,1336,Organisation
22540,2024-07-10,743,Position
22540,2024-07-10,2853,Standort
22540,2024-07-10,427,Standort
22540,2024-08-21,1336,Organisation
22540,2024-08-21,743,Position
22540,2024-08-21,2853,Standort
22540,2024-08-21,427,Standort
22540,2024-08-30,1110,Organisation
22540,2024-08-30,743,Position
22540,2024-08-30,2853,Standort
22540,2024-08-30,427,Standort
22540,2024-09-01,1110,Organisation
22540,2024-09-01,743,Position
22540,2024-09-01,2853,Standort
22540,2024-09-01,427,Standort
22540,2024-09-17,1110,Organisation
22540,2024-09-17,743,Position
22540,2024-09-17,2853,Standort
22540,2024-09-17,427,Standort
22540,2024-10-01,1110,Organisation
22540,2024-10-01,743,Position
22540,2024-10-01,2853,Standort
22540,2024-10-01,427,Standort
22540,2024-10-23,1110,Organisation
22540,2024-10-23,743,Position
22540,2024-10-23,2853,Standort
22540,2024-10-23,427,Standort
22540,2024-10-23,2710,Job-Familie
22540,2024-11-26,1110,Organisation
22540,2024-11-26,743,Position
22540,2024-11-26,2853,Standort
22540,2024-11-26,427,Standort
22540,2024-11-26,2710,Job-Familie
22540,2024-12-30,1110,Organisation
22540,2024-12-30,743,Position
22540,2024-12-30,2853,Standort
22540,2024-12-30,427,Standort
22540,2024-12-30,2710,Job-Familie
22540,2025-03-27,1110,Organisation
22540,2025-03-27,743,Position
22540,2025-03-27,2853,Standort
22540,2025-03-27,427,Standort
22540,2025-03-27,2710,Job-Familie
22639,2024-07-12,536,Organisation
22639,2024-07-15,536,Organisation
22639,2024-10-07,536,Organisation
22639,2024-10-07,2653,Standort
22639,2024-11-07,536,Organisation
22639,2024-11-07,2653,Standort
22639,2024-12-17,536,Organisation
22639,2024-12-17,2653,Standort
22639,2024-12-30,2436,Organisation
22639,2024-12-30,689,Position
22639,2024-12-30,2653,Standort
22639,2024-12-30,408,Standort
22639,2024-12-30,2711,Job-Familie
22639,2025-01-01,2436,Organisation
22639,2025-01-01,689,Position
22639,2025-01-01,408,Standort
22639,2025-01-01,2711,Job-Familie
22639,2025-01-06,2421,Organisation
22639,2025-01-06,689,Position
22639,2025-01-06,408,Standort
22639,2025-01-06,2711,Job-Familie
22639,2025-01-07,2421,Organisation
22639,2025-01-07,689,Position
22639,2025-01-07,2653,Standort
22639,2025-01-07,408,Standort
22639,2025-01-07,2711,Job-Familie
22639,2025-01-09,2421,Organisation
22639,2025-01-09,689,Position
22639,2025-01-09,2653,Standort
22639,2025-01-09,408,Standort
22639,2025-01-09,2711,Job-Familie
22639,2025-03-01,2421,Organisation
22639,2025-03-01,689,Position
22639,2025-03-01,2653,Standort
22639,2025-03-01,408,Standort
22639,2025-03-01,2711,Job-Familie
22639,2025-03-27,2421,Organisation
22639,2025-03-27,689,Position
22639,2025-03-27,2653,Standort
22639,2025-03-27,408,Standort
22639,2025-03-27,2711,Job-Familie
22640,2024-07-16,536,Organisation
22640,2024-08-16,536,Organisation
22640,2024-08-30,2436,Organisation
22640,2024-08-30,689,Position
22640,2024-08-30,1105,Standort
22640,2024-09-01,2436,Organisation
22640,2024-09-01,689,Position
22640,2024-09-01,1105,Standort
22640,2024-09-02,2436,Organisation
22640,2024-09-02,689,Position
22640,2024-09-02,1105,Standort
22640,2024-09-04,2436,Organisation
22640,2024-09-04,689,Position
22640,2024-09-04,1105,Standort
22640,2024-09-10,2419,Organisation
22640,2024-09-10,689,Position
22640,2024-09-10,1105,Standort
22640,2024-09-17,2419,Organisation
22640,2024-09-17,689,Position
22640,2024-09-17,1105,Standort
22640,2024-10-07,2419,Organisation
22640,2024-10-07,689,Position
22640,2024-10-07,2653,Standort
22640,2024-10-07,1105,Standort
22640,2024-10-23,2419,Organisation
22640,2024-10-23,689,Position
22640,2024-10-23,2653,Standort
22640,2024-10-23,1105,Standort
22640,2024-10-23,2711,Job-Familie
22640,2024-11-06,2419,Organisation
22640,2024-11-06,689,Position
22640,2024-11-06,2653,Standort
22640,2024-11-06,1105,Standort
22640,2024-11-06,2711,Job-Familie
22640,2024-11-22,2419,Organisation
22640,2024-11-22,689,Position
22640,2024-11-22,2653,Standort
22640,2024-11-22,1105,Standort
22640,2024-11-22,2711,Job-Familie
22640,2025-01-01,2419,Organisation
22640,2025-01-01,689,Position
22640,2025-01-01,2653,Standort
22640,2025-01-01,1105,Standort
22640,2025-01-01,2711,Job-Familie
22640,2025-01-23,2419,Organisation
22640,2025-01-23,689,Position
22640,2025-01-23,2653,Standort
22640,2025-01-23,1105,Standort
22640,2025-01-23,2711,Job-Familie
22640,2025-02-12,2419,Organisation
22640,2025-02-12,689,Position
22640,2025-02-12,2653,Standort
22640,2025-02-12,1105,Standort
22640,2025-02-12,2711,Job-Familie
22640,2025-03-01,2419,Organisation
22640,2025-03-01,689,Position
22640,2025-03-01,2653,Standort
22640,2025-03-01,1105,Standort
22640,2025-03-01,2711,Job-Familie
22640,2025-03-27,2419,Organisation
22640,2025-03-27,689,Position
22640,2025-03-27,2653,Standort
22640,2025-03-27,1105,Standort
22640,2025-03-27,2711,Job-Familie
22640,2025-06-01,2419,Organisation
22640,2025-06-01,689,Position
22640,2025-06-01,2653,Standort
22640,2025-06-01,1105,Standort
22640,2025-06-01,2711,Job-Familie
22644,2024-01-01,325,Organisation
22644,2024-01-01,2803,Standort
22644,2024-07-11,530,Organisation
22644,2024-07-11,2803,Standort
22644,2024-07-31,325,Organisation
22644,2024-07-31,458,Position
22644,2024-07-31,2803,Standort
22644,2024-07-31,408,Standort
22644,2024-08-01,325,Organisation
22644,2024-08-01,458,Position
22644,2024-08-01,2803,Standort
22644,2024-08-01,408,Standort
22644,2024-08-08,325,Organisation
22644,2024-08-08,458,Position
22644,2024-08-08,2803,Standort
22644,2024-08-08,408,Standort
22644,2024-08-21,325,Organisation
22644,2024-08-21,458,Position
22644,2024-08-21,2803,Standort
22644,2024-08-21,408,Standort
22644,2024-09-01,325,Organisation
22644,2024-09-01,458,Position
22644,2024-09-01,2803,Standort
22644,2024-09-01,408,Standort
22644,2024-09-17,325,Organisation
22644,2024-09-17,458,Position
22644,2024-09-17,2803,Standort
22644,2024-09-17,408,Standort
22644,2024-10-01,325,Organisation
22644,2024-10-01,458,Position
22644,2024-10-01,2682,Standort
22644,2024-10-01,408,Standort
22644,2024-10-23,325,Organisation
22644,2024-10-23,458,Position
22644,2024-10-23,2682,Standort
22644,2024-10-23,408,Standort
22644,2024-10-23,2702,Job-Familie
22644,2024-11-22,325,Organisation
22644,2024-11-22,458,Position
22644,2024-11-22,2682,Standort
22644,2024-11-22,408,Standort
22644,2024-11-22,2702,Job-Familie
22644,2025-01-01,325,Organisation
22644,2025-01-01,458,Position
22644,2025-01-01,2803,Standort
22644,2025-01-01,408,Standort
22644,2025-01-01,2702,Job-Familie
22644,2025-01-29,325,Organisation
22644,2025-01-29,458,Position
22644,2025-01-29,2803,Standort
22644,2025-01-29,408,Standort
22644,2025-01-29,2702,Job-Familie
22644,2025-02-12,325,Organisation
22644,2025-02-12,458,Position
22644,2025-02-12,2803,Standort
22644,2025-02-12,408,Standort
22644,2025-02-12,2702,Job-Familie
22644,2025-03-27,325,Organisation
22644,2025-03-27,458,Position
22644,2025-03-27,2803,Standort
22644,2025-03-27,408,Standort
22644,2025-03-27,2702,Job-Familie
22707,2024-01-01,325,Organisation
22707,2024-01-01,2803,Standort
22707,2024-07-15,530,Organisation
22707,2024-07-15,2803,Standort
22707,2024-07-30,530,Organisation
22707,2024-07-30,2803,Standort
22707,2024-07-31,325,Organisation
22707,2024-07-31,1323,Position
22707,2024-07-31,2803,Standort
22707,2024-07-31,427,Standort
22707,2024-08-01,325,Organisation
22707,2024-08-01,1323,Position
22707,2024-08-01,2803,Standort
22707,2024-08-01,427,Standort
22707,2024-08-02,325,Organisation
22707,2024-08-02,1323,Position
22707,2024-08-02,2803,Standort
22707,2024-08-02,427,Standort
22707,2024-08-05,325,Organisation
22707,2024-08-05,1323,Position
22707,2024-08-05,2803,Standort
22707,2024-08-05,427,Standort
22707,2024-08-08,325,Organisation
22707,2024-08-08,1323,Position
22707,2024-08-08,2803,Standort
22707,2024-08-08,427,Standort
22707,2024-08-21,325,Organisation
22707,2024-08-21,1323,Position
22707,2024-08-21,2803,Standort
22707,2024-08-21,427,Standort
22707,2024-09-17,325,Organisation
22707,2024-09-17,1323,Position
22707,2024-09-17,2803,Standort
22707,2024-09-17,427,Standort
22707,2024-10-01,325,Organisation
22707,2024-10-01,1323,Position
22707,2024-10-01,2682,Standort
22707,2024-10-01,427,Standort
22707,2024-10-02,325,Organisation
22707,2024-10-02,1323,Position
22707,2024-10-02,2682,Standort
22707,2024-10-02,427,Standort
22707,2024-10-23,325,Organisation
22707,2024-10-23,1323,Position
22707,2024-10-23,2682,Standort
22707,2024-10-23,427,Standort
22707,2024-10-23,2702,Job-Familie
22707,2024-11-22,325,Organisation
22707,2024-11-22,1323,Position
22707,2024-11-22,2682,Standort
22707,2024-11-22,427,Standort
22707,2024-11-22,2702,Job-Familie
22707,2025-01-01,325,Organisation
22707,2025-01-01,1323,Position
22707,2025-01-01,2803,Standort
22707,2025-01-01,427,Standort
22707,2025-01-01,2702,Job-Familie
22707,2025-01-29,325,Organisation
22707,2025-01-29,1323,Position
22707,2025-01-29,2803,Standort
22707,2025-01-29,427,Standort
22707,2025-01-29,2702,Job-Familie
22707,2025-02-01,325,Organisation
22707,2025-02-01,1323,Position
22707,2025-02-01,2803,Standort
22707,2025-02-01,427,Standort
22707,2025-02-01,2702,Job-Familie
22707,2025-02-12,325,Organisation
22707,2025-02-12,1323,Position
22707,2025-02-12,2803,Standort
22707,2025-02-12,427,Standort
22707,2025-02-12,2702,Job-Familie
22707,2025-02-28,325,Organisation
22707,2025-02-28,1323,Position
22707,2025-02-28,2803,Standort
22707,2025-02-28,427,Standort
22707,2025-02-28,2702,Job-Familie
22707,2025-03-01,325,Organisation
22707,2025-03-01,1323,Position
22707,2025-03-01,2803,Standort
22707,2025-03-01,427,Standort
22707,2025-03-01,2702,Job-Familie
22791,2024-08-20,536,Organisation
22791,2024-11-21,536,Organisation
22791,2024-11-29,833,Organisation
22791,2024-11-29,1246,Position
22791,2024-11-29,1105,Standort
22791,2024-11-29,2711,Job-Familie
22791,2024-12-01,833,Organisation
22791,2024-12-01,1246,Position
22791,2024-12-01,1105,Standort
22791,2024-12-02,833,Organisation
22791,2024-12-02,1246,Position
22791,2024-12-02,1105,Standort
22791,2024-12-02,2711,Job-Familie
22791,2024-12-06,833,Organisation
22791,2024-12-06,1246,Position
22791,2024-12-06,1105,Standort
22791,2024-12-06,2711,Job-Familie
22791,2024-12-08,833,Organisation
22791,2024-12-08,1246,Position
22791,2024-12-08,1105,Standort
22791,2024-12-08,2711,Job-Familie
22791,2024-12-12,833,Organisation
22791,2024-12-12,1246,Position
22791,2024-12-12,2657,Standort
22791,2024-12-12,1105,Standort
22791,2024-12-12,2711,Job-Familie
22791,2025-03-01,833,Organisation
22791,2025-03-01,1246,Position
22791,2025-03-01,2657,Standort
22791,2025-03-01,1105,Standort
22791,2025-03-01,2711,Job-Familie
22791,2025-03-27,833,Organisation
22791,2025-03-27,1246,Position
22791,2025-03-27,2657,Standort
22791,2025-03-27,1105,Standort
22791,2025-03-27,2711,Job-Familie
22791,2025-04-16,833,Organisation
22791,2025-04-16,1246,Position
22791,2025-04-16,2657,Standort
22791,2025-04-16,1105,Standort
22791,2025-04-16,2711,Job-Familie
22791,2025-04-30,833,Organisation
22791,2025-04-30,1246,Position
22791,2025-04-30,2657,Standort
22791,2025-04-30,1105,Standort
22791,2025-04-30,2711,Job-Familie
22791,2025-05-01,833,Organisation
22791,2025-05-01,1246,Position
22791,2025-05-01,2657,Standort
22791,2025-05-01,1105,Standort
22791,2025-05-01,2711,Job-Familie
22853,2024-06-25,161,Organisation
22854,2024-06-25,2470,Organisation
22854,2025-03-01,2470,Organisation
22855,2024-06-25,2521,Organisation
22855,2024-08-08,2521,Organisation
22856,2024-06-25,1379,Organisation
22856,2025-03-01,1379,Organisation
22856,2025-05-27,1379,Organisation
22926,2024-06-27,158,Organisation
22927,2024-01-01,1140,Organisation
22927,2024-01-01,2857,Standort
22927,2024-08-01,1336,Organisation
22927,2024-08-01,2857,Standort
22927,2024-09-17,1336,Organisation
22927,2024-09-17,2857,Standort
22927,2024-09-30,1140,Organisation
22927,2024-09-30,473,Position
22927,2024-09-30,2857,Standort
22927,2024-09-30,432,Standort
22927,2024-10-01,1140,Organisation
22927,2024-10-01,473,Position
22927,2024-10-01,2857,Standort
22927,2024-10-01,432,Standort
22927,2024-10-02,1140,Organisation
22927,2024-10-02,473,Position
22927,2024-10-02,2857,Standort
22927,2024-10-02,432,Standort
22927,2024-10-23,1140,Organisation
22927,2024-10-23,473,Position
22927,2024-10-23,2857,Standort
22927,2024-10-23,432,Standort
22927,2024-10-23,2704,Job-Familie
22927,2024-11-26,1140,Organisation
22927,2024-11-26,473,Position
22927,2024-11-26,2857,Standort
22927,2024-11-26,432,Standort
22927,2024-11-26,2704,Job-Familie
22927,2024-12-30,1140,Organisation
22927,2024-12-30,473,Position
22927,2024-12-30,2857,Standort
22927,2024-12-30,432,Standort
22927,2024-12-30,2704,Job-Familie
22927,2025-02-01,1140,Organisation
22927,2025-02-01,473,Position
22927,2025-02-01,2857,Standort
22927,2025-02-01,432,Standort
22927,2025-02-01,2704,Job-Familie
22927,2025-02-12,1140,Organisation
22927,2025-02-12,473,Position
22927,2025-02-12,2857,Standort
22927,2025-02-12,432,Standort
22927,2025-02-12,2704,Job-Familie
22927,2025-03-01,1140,Organisation
22927,2025-03-01,473,Position
22927,2025-03-01,2857,Standort
22927,2025-03-01,432,Standort
22927,2025-03-01,2704,Job-Familie
22927,2025-03-27,1140,Organisation
22927,2025-03-27,473,Position
22927,2025-03-27,2857,Standort
22927,2025-03-27,432,Standort
22927,2025-03-27,2704,Job-Familie
22927,2025-04-01,1140,Organisation
22927,2025-04-01,473,Position
22927,2025-04-01,2857,Standort
22927,2025-04-01,432,Standort
22927,2025-04-01,2704,Job-Familie
22927,2025-05-28,1140,Organisation
22927,2025-05-28,473,Position
22927,2025-05-28,2857,Standort
22927,2025-05-28,432,Standort
22927,2025-05-28,2704,Job-Familie
22976,2024-07-31,523,Organisation
22976,2024-08-01,523,Organisation
22976,2024-08-13,523,Organisation
22976,2024-08-30,1337,Organisation
22976,2024-08-30,993,Position
22976,2024-08-30,421,Standort
22976,2024-09-01,1337,Organisation
22976,2024-09-01,993,Position
22976,2024-09-01,421,Standort
22976,2024-09-06,1337,Organisation
22976,2024-09-06,993,Position
22976,2024-09-06,421,Standort
22976,2024-09-17,1337,Organisation
22976,2024-09-17,993,Position
22976,2024-09-17,421,Standort
22976,2024-10-23,1337,Organisation
22976,2024-10-23,993,Position
22976,2024-10-23,421,Standort
22976,2024-10-23,2711,Job-Familie
22976,2024-11-22,1337,Organisation
22976,2024-11-22,993,Position
22976,2024-11-22,421,Standort
22976,2024-11-22,2711,Job-Familie
22976,2024-11-26,1337,Organisation
22976,2024-11-26,993,Position
22976,2024-11-26,421,Standort
22976,2024-11-26,2711,Job-Familie
22976,2025-01-01,1337,Organisation
22976,2025-01-01,993,Position
22976,2025-01-01,2658,Standort
22976,2025-01-01,421,Standort
22976,2025-01-01,2711,Job-Familie
22976,2025-01-23,1337,Organisation
22976,2025-01-23,993,Position
22976,2025-01-23,2658,Standort
22976,2025-01-23,421,Standort
22976,2025-01-23,2711,Job-Familie
22976,2025-02-12,1337,Organisation
22976,2025-02-12,993,Position
22976,2025-02-12,2658,Standort
22976,2025-02-12,421,Standort
22976,2025-02-12,2711,Job-Familie
22976,2025-03-27,1337,Organisation
22976,2025-03-27,993,Position
22976,2025-03-27,2658,Standort
22976,2025-03-27,421,Standort
22976,2025-03-27,2711,Job-Familie
23035,2024-01-01,1188,Organisation
23035,2024-01-01,2746,Standort
23035,2024-08-07,534,Organisation
23035,2024-08-07,2746,Standort
23035,2024-08-09,534,Organisation
23035,2024-08-09,2746,Standort
23035,2024-10-30,534,Organisation
23035,2024-10-30,2746,Standort
23035,2024-11-29,1188,Organisation
23035,2024-11-29,709,Position
23035,2024-11-29,2746,Standort
23035,2024-11-29,1105,Standort
23035,2024-11-29,2710,Job-Familie
23035,2024-12-01,1188,Organisation
23035,2024-12-01,709,Position
23035,2024-12-01,2746,Standort
23035,2024-12-01,1105,Standort
23035,2024-12-02,1188,Organisation
23035,2024-12-02,709,Position
23035,2024-12-02,2746,Standort
23035,2024-12-02,1105,Standort
23035,2024-12-02,2710,Job-Familie
23035,2025-02-12,1188,Organisation
23035,2025-02-12,709,Position
23035,2025-02-12,2746,Standort
23035,2025-02-12,1105,Standort
23035,2025-02-12,2710,Job-Familie
23035,2025-03-27,1188,Organisation
23035,2025-03-27,709,Position
23035,2025-03-27,2746,Standort
23035,2025-03-27,1105,Standort
23035,2025-03-27,2710,Job-Familie
23035,2025-04-25,1188,Organisation
23035,2025-04-25,709,Position
23035,2025-04-25,2746,Standort
23035,2025-04-25,1105,Standort
23035,2025-04-25,2710,Job-Familie
24159,2024-07-02,2589,Organisation
24160,2024-07-02,2589,Organisation
24161,2024-07-02,2588,Organisation
24162,2024-07-02,2589,Organisation
24163,2024-07-02,2589,Organisation
24164,2024-07-02,2589,Organisation
24170,2024-01-01,210,Organisation
24170,2024-01-01,2789,Standort
24170,2024-07-01,210,Organisation
24170,2024-07-01,2789,Standort
24170,2024-07-09,530,Organisation
24170,2024-07-09,2789,Standort
24170,2024-07-12,210,Organisation
24170,2024-07-12,970,Position
24170,2024-07-12,2789,Standort
24170,2024-07-12,408,Standort
24170,2024-07-15,210,Organisation
24170,2024-07-15,970,Position
24170,2024-07-15,2789,Standort
24170,2024-07-15,408,Standort
24170,2024-07-17,210,Organisation
24170,2024-07-17,970,Position
24170,2024-07-17,2789,Standort
24170,2024-07-17,408,Standort
24170,2024-07-26,210,Organisation
24170,2024-07-26,970,Position
24170,2024-07-26,2789,Standort
24170,2024-07-26,408,Standort
24170,2024-07-29,210,Organisation
24170,2024-07-29,970,Position
24170,2024-07-29,2789,Standort
24170,2024-07-29,408,Standort
24170,2024-09-04,210,Organisation
24170,2024-09-04,970,Position
24170,2024-09-04,2789,Standort
24170,2024-09-04,408,Standort
24170,2024-09-17,210,Organisation
24170,2024-09-17,970,Position
24170,2024-09-17,2789,Standort
24170,2024-09-17,408,Standort
24170,2024-10-01,210,Organisation
24170,2024-10-01,970,Position
24170,2024-10-01,2676,Standort
24170,2024-10-01,408,Standort
24170,2024-10-23,210,Organisation
24170,2024-10-23,970,Position
24170,2024-10-23,2676,Standort
24170,2024-10-23,408,Standort
24170,2024-10-23,2702,Job-Familie
24170,2024-11-08,210,Organisation
24170,2024-11-08,970,Position
24170,2024-11-08,2676,Standort
24170,2024-11-08,408,Standort
24170,2024-11-08,2702,Job-Familie
24170,2025-01-01,210,Organisation
24170,2025-01-01,970,Position
24170,2025-01-01,2789,Standort
24170,2025-01-01,408,Standort
24170,2025-01-01,2702,Job-Familie
24170,2025-02-12,210,Organisation
24170,2025-02-12,970,Position
24170,2025-02-12,2789,Standort
24170,2025-02-12,408,Standort
24170,2025-02-12,2702,Job-Familie
24170,2025-04-16,210,Organisation
24170,2025-04-16,970,Position
24170,2025-04-16,2789,Standort
24170,2025-04-16,408,Standort
24170,2025-04-16,2702,Job-Familie
24179,2024-07-03,530,Organisation
24179,2024-07-04,530,Organisation
24179,2024-08-05,530,Organisation
24179,2024-09-01,117,Organisation
24179,2024-09-01,439,Position
24179,2024-09-01,1105,Standort
24179,2024-09-02,117,Organisation
24179,2024-09-02,439,Position
24179,2024-09-02,1105,Standort
24179,2024-09-12,117,Organisation
24179,2024-09-12,439,Position
24179,2024-09-12,1105,Standort
24179,2024-10-01,117,Organisation
24179,2024-10-01,439,Position
24179,2024-10-01,2681,Standort
24179,2024-10-01,1105,Standort
24179,2024-10-23,117,Organisation
24179,2024-10-23,439,Position
24179,2024-10-23,2681,Standort
24179,2024-10-23,1105,Standort
24179,2024-10-23,2703,Job-Familie
24179,2025-01-01,117,Organisation
24179,2025-01-01,439,Position
24179,2025-01-01,2783,Standort
24179,2025-01-01,1105,Standort
24179,2025-01-01,2703,Job-Familie
24179,2025-03-01,117,Organisation
24179,2025-03-01,439,Position
24179,2025-03-01,2783,Standort
24179,2025-03-01,1105,Standort
24179,2025-03-01,2703,Job-Familie
24179,2025-06-02,117,Organisation
24179,2025-06-02,439,Position
24179,2025-06-02,2783,Standort
24179,2025-06-02,1105,Standort
24179,2025-06-02,2703,Job-Familie
24231,2024-12-03,522,Organisation
24231,2024-12-03,653,Position
24231,2024-12-03,413,Standort
24231,2024-12-03,2710,Job-Familie
24231,2024-12-06,522,Organisation
24231,2024-12-06,653,Position
24231,2024-12-06,413,Standort
24231,2024-12-06,2710,Job-Familie
24231,2024-12-08,522,Organisation
24231,2024-12-08,653,Position
24231,2024-12-08,413,Standort
24231,2024-12-08,2710,Job-Familie
24231,2025-01-15,522,Organisation
24231,2025-01-15,653,Position
24231,2025-01-15,413,Standort
24231,2025-01-15,2710,Job-Familie
24231,2025-02-07,522,Organisation
24231,2025-02-07,653,Position
24231,2025-02-07,413,Standort
24231,2025-02-07,2710,Job-Familie
24231,2025-02-26,522,Organisation
24231,2025-02-26,653,Position
24231,2025-02-26,413,Standort
24231,2025-02-26,2710,Job-Familie
24231,2025-03-26,522,Organisation
24231,2025-03-26,653,Position
24231,2025-03-26,413,Standort
24231,2025-03-26,2710,Job-Familie
24231,2025-03-31,522,Organisation
24231,2025-03-31,653,Position
24231,2025-03-31,413,Standort
24231,2025-03-31,2710,Job-Familie
24231,2025-04-01,869,Organisation
24231,2025-04-01,653,Position
24231,2025-04-01,413,Standort
24231,2025-04-01,2710,Job-Familie
24231,2025-04-02,869,Organisation
24231,2025-04-02,653,Position
24231,2025-04-02,413,Standort
24231,2025-04-02,2710,Job-Familie
24231,2025-04-09,869,Organisation
24231,2025-04-09,653,Position
24231,2025-04-09,413,Standort
24231,2025-04-09,2710,Job-Familie
24290,2024-07-24,523,Organisation
24290,2024-08-09,523,Organisation
24290,2024-08-09,697,Position
24290,2024-08-15,2600,Organisation
24290,2024-08-15,697,Position
24290,2024-08-15,421,Standort
24290,2024-08-19,2600,Organisation
24290,2024-08-19,697,Position
24290,2024-08-19,421,Standort
24290,2024-08-21,2600,Organisation
24290,2024-08-21,697,Position
24290,2024-08-21,421,Standort
24290,2024-09-11,2600,Organisation
24290,2024-09-11,697,Position
24290,2024-09-11,421,Standort
24290,2024-09-17,2600,Organisation
24290,2024-09-17,697,Position
24290,2024-09-17,421,Standort
24290,2024-10-23,2600,Organisation
24290,2024-10-23,697,Position
24290,2024-10-23,421,Standort
24290,2024-10-23,2706,Job-Familie
24290,2024-11-07,2600,Organisation
24290,2024-11-07,697,Position
24290,2024-11-07,421,Standort
24290,2024-11-07,2706,Job-Familie
24290,2024-11-26,2600,Organisation
24290,2024-11-26,697,Position
24290,2024-11-26,421,Standort
24290,2024-11-26,2706,Job-Familie
24290,2025-01-01,2600,Organisation
24290,2025-01-01,697,Position
24290,2025-01-01,2658,Standort
24290,2025-01-01,421,Standort
24290,2025-01-01,2706,Job-Familie
24290,2025-01-23,2600,Organisation
24290,2025-01-23,697,Position
24290,2025-01-23,2658,Standort
24290,2025-01-23,421,Standort
24290,2025-01-23,2706,Job-Familie
24290,2025-02-12,2600,Organisation
24290,2025-02-12,697,Position
24290,2025-02-12,2658,Standort
24290,2025-02-12,421,Standort
24290,2025-02-12,2706,Job-Familie
24290,2025-03-27,2600,Organisation
24290,2025-03-27,697,Position
24290,2025-03-27,2658,Standort
24290,2025-03-27,421,Standort
24290,2025-03-27,2706,Job-Familie
24411,2024-11-07,522,Organisation
24411,2024-11-07,743,Position
24411,2024-11-07,413,Standort
24411,2024-11-08,522,Organisation
24411,2024-11-08,743,Position
24411,2024-11-08,413,Standort
24447,2024-07-10,2570,Organisation
24450,2024-07-01,2480,Organisation
24450,2024-07-01,780,Position
24450,2024-07-01,420,Standort
24450,2024-07-10,2480,Organisation
24450,2024-07-10,780,Position
24450,2024-07-10,420,Standort
24450,2024-07-17,2480,Organisation
24450,2024-07-17,780,Position
24450,2024-07-17,420,Standort
24450,2024-07-23,2480,Organisation
24450,2024-07-23,780,Position
24450,2024-07-23,420,Standort
24450,2024-07-26,2480,Organisation
24450,2024-07-26,780,Position
24450,2024-07-26,420,Standort
24450,2024-09-02,2480,Organisation
24450,2024-09-02,780,Position
24450,2024-09-02,420,Standort
24450,2024-10-23,2480,Organisation
24450,2024-10-23,780,Position
24450,2024-10-23,420,Standort
24450,2024-10-23,2702,Job-Familie
24450,2025-01-01,2480,Organisation
24450,2025-01-01,780,Position
24450,2025-01-01,420,Standort
24450,2025-01-01,2702,Job-Familie
24450,2025-03-27,2480,Organisation
24450,2025-03-27,780,Position
24450,2025-03-27,420,Standort
24450,2025-03-27,2702,Job-Familie
24498,2024-01-01,2468,Organisation
24498,2024-01-01,2810,Standort
24498,2024-08-21,530,Organisation
24498,2024-08-21,2810,Standort
24498,2024-09-18,530,Organisation
24498,2024-09-18,2810,Standort
24498,2024-09-30,530,Organisation
24498,2024-09-30,2637,Position
24498,2024-09-30,2810,Standort
24498,2024-09-30,429,Standort
24498,2024-10-01,2468,Organisation
24498,2024-10-01,2637,Position
24498,2024-10-01,2687,Standort
24498,2024-10-01,429,Standort
24498,2024-10-14,2468,Organisation
24498,2024-10-14,2637,Position
24498,2024-10-14,2687,Standort
24498,2024-10-14,429,Standort
24498,2024-10-23,2468,Organisation
24498,2024-10-23,2637,Position
24498,2024-10-23,2687,Standort
24498,2024-10-23,429,Standort
24498,2024-10-23,2707,Job-Familie
24498,2024-11-08,2468,Organisation
24498,2024-11-08,2637,Position
24498,2024-11-08,2687,Standort
24498,2024-11-08,429,Standort
24498,2024-11-08,2707,Job-Familie
24498,2025-01-01,2468,Organisation
24498,2025-01-01,2637,Position
24498,2025-01-01,2810,Standort
24498,2025-01-01,429,Standort
24498,2025-01-01,2707,Job-Familie
24498,2025-02-12,2468,Organisation
24498,2025-02-12,2637,Position
24498,2025-02-12,2810,Standort
24498,2025-02-12,429,Standort
24498,2025-02-12,2707,Job-Familie
24498,2025-03-27,2468,Organisation
24498,2025-03-27,2637,Position
24498,2025-03-27,2810,Standort
24498,2025-03-27,429,Standort
24498,2025-03-27,2707,Job-Familie
24654,2024-09-26,536,Organisation
24654,2024-10-24,536,Organisation
24654,2024-11-07,536,Organisation
24654,2024-11-21,536,Organisation
24654,2024-11-29,1332,Organisation
24654,2024-11-29,696,Position
24654,2024-11-29,1105,Standort
24654,2024-11-29,2709,Job-Familie
24654,2024-12-01,1332,Organisation
24654,2024-12-01,696,Position
24654,2024-12-01,1105,Standort
24654,2024-12-02,1332,Organisation
24654,2024-12-02,696,Position
24654,2024-12-02,1105,Standort
24654,2024-12-02,2706,Job-Familie
24654,2024-12-06,1332,Organisation
24654,2024-12-06,696,Position
24654,2024-12-06,1105,Standort
24654,2024-12-06,2706,Job-Familie
24654,2024-12-12,1332,Organisation
24654,2024-12-12,696,Position
24654,2024-12-12,2655,Standort
24654,2024-12-12,1105,Standort
24654,2024-12-12,2706,Job-Familie
24654,2025-01-01,1332,Organisation
24654,2025-01-01,696,Position
24654,2025-01-01,2655,Standort
24654,2025-01-01,1105,Standort
24654,2025-01-01,2706,Job-Familie
24654,2025-03-01,1332,Organisation
24654,2025-03-01,696,Position
24654,2025-03-01,2655,Standort
24654,2025-03-01,1105,Standort
24654,2025-03-01,2706,Job-Familie
24654,2025-03-27,1332,Organisation
24654,2025-03-27,696,Position
24654,2025-03-27,2655,Standort
24654,2025-03-27,1105,Standort
24654,2025-03-27,2706,Job-Familie
24751,2024-01-01,322,Organisation
24751,2024-01-01,2808,Standort
24751,2024-08-12,530,Organisation
24751,2024-08-12,2808,Standort
24751,2024-08-13,530,Organisation
24751,2024-08-13,2808,Standort
24751,2024-08-30,322,Organisation
24751,2024-08-30,609,Position
24751,2024-08-30,2808,Standort
24751,2024-08-30,1105,Standort
24751,2024-09-01,322,Organisation
24751,2024-09-01,609,Position
24751,2024-09-01,2808,Standort
24751,2024-09-01,1105,Standort
24751,2024-09-03,322,Organisation
24751,2024-09-03,609,Position
24751,2024-09-03,2808,Standort
24751,2024-09-03,1105,Standort
24751,2024-09-17,322,Organisation
24751,2024-09-17,609,Position
24751,2024-09-17,2808,Standort
24751,2024-09-17,1105,Standort
24751,2024-10-01,322,Organisation
24751,2024-10-01,609,Position
24751,2024-10-01,2677,Standort
24751,2024-10-01,1105,Standort
24751,2024-10-07,322,Organisation
24751,2024-10-07,609,Position
24751,2024-10-07,2677,Standort
24751,2024-10-07,1105,Standort
24751,2024-10-23,322,Organisation
24751,2024-10-23,609,Position
24751,2024-10-23,2677,Standort
24751,2024-10-23,1105,Standort
24751,2024-10-23,2702,Job-Familie
24751,2024-11-18,322,Organisation
24751,2024-11-18,609,Position
24751,2024-11-18,2677,Standort
24751,2024-11-18,1105,Standort
24751,2024-11-18,2702,Job-Familie
24751,2024-11-22,322,Organisation
24751,2024-11-22,609,Position
24751,2024-11-22,2677,Standort
24751,2024-11-22,1105,Standort
24751,2024-11-22,2702,Job-Familie
24751,2025-01-01,322,Organisation
24751,2025-01-01,609,Position
24751,2025-01-01,2808,Standort
24751,2025-01-01,1105,Standort
24751,2025-01-01,2702,Job-Familie
24751,2025-02-12,322,Organisation
24751,2025-02-12,609,Position
24751,2025-02-12,2808,Standort
24751,2025-02-12,1105,Standort
24751,2025-02-12,2702,Job-Familie
24751,2025-03-27,322,Organisation
24751,2025-03-27,609,Position
24751,2025-03-27,2808,Standort
24751,2025-03-27,1105,Standort
24751,2025-03-27,2702,Job-Familie
24751,2025-05-01,322,Organisation
24751,2025-05-01,609,Position
24751,2025-05-01,2808,Standort
24751,2025-05-01,1105,Standort
24751,2025-05-01,2702,Job-Familie
24777,2024-09-05,536,Organisation
24777,2024-09-09,536,Organisation
24777,2024-09-30,1346,Organisation
24777,2024-09-30,993,Position
24777,2024-09-30,434,Standort
24777,2024-10-01,1346,Organisation
24777,2024-10-01,993,Position
24777,2024-10-01,2657,Standort
24777,2024-10-01,434,Standort
24777,2024-10-09,1346,Organisation
24777,2024-10-09,993,Position
24777,2024-10-09,2657,Standort
24777,2024-10-09,434,Standort
24777,2024-10-23,1346,Organisation
24777,2024-10-23,993,Position
24777,2024-10-23,2657,Standort
24777,2024-10-23,434,Standort
24777,2024-10-23,2711,Job-Familie
24777,2024-11-26,1346,Organisation
24777,2024-11-26,993,Position
24777,2024-11-26,2657,Standort
24777,2024-11-26,434,Standort
24777,2024-11-26,2711,Job-Familie
24777,2025-01-23,1346,Organisation
24777,2025-01-23,993,Position
24777,2025-01-23,2657,Standort
24777,2025-01-23,434,Standort
24777,2025-01-23,2711,Job-Familie
24777,2025-02-12,1346,Organisation
24777,2025-02-12,993,Position
24777,2025-02-12,2657,Standort
24777,2025-02-12,434,Standort
24777,2025-02-12,2711,Job-Familie
24777,2025-03-01,1346,Organisation
24777,2025-03-01,993,Position
24777,2025-03-01,2657,Standort
24777,2025-03-01,434,Standort
24777,2025-03-01,2711,Job-Familie
24777,2025-03-27,1346,Organisation
24777,2025-03-27,993,Position
24777,2025-03-27,2657,Standort
24777,2025-03-27,434,Standort
24777,2025-03-27,2711,Job-Familie
24796,2024-01-01,2468,Organisation
24796,2024-01-01,2810,Standort
24796,2024-08-21,530,Organisation
24796,2024-08-21,2810,Standort
24796,2024-09-30,530,Organisation
24796,2024-09-30,2637,Position
24796,2024-09-30,2810,Standort
24796,2024-09-30,432,Standort
24796,2024-10-01,2468,Organisation
24796,2024-10-01,2637,Position
24796,2024-10-01,2687,Standort
24796,2024-10-01,432,Standort
24796,2024-10-02,2468,Organisation
24796,2024-10-02,2637,Position
24796,2024-10-02,2687,Standort
24796,2024-10-02,432,Standort
24796,2024-10-04,2468,Organisation
24796,2024-10-04,2637,Position
24796,2024-10-04,2687,Standort
24796,2024-10-04,432,Standort
24796,2024-10-16,2468,Organisation
24796,2024-10-16,2637,Position
24796,2024-10-16,2687,Standort
24796,2024-10-16,432,Standort
24796,2024-10-23,2468,Organisation
24796,2024-10-23,2637,Position
24796,2024-10-23,2687,Standort
24796,2024-10-23,432,Standort
24796,2024-10-23,2707,Job-Familie
24796,2024-11-08,2468,Organisation
24796,2024-11-08,2637,Position
24796,2024-11-08,2687,Standort
24796,2024-11-08,432,Standort
24796,2024-11-08,2707,Job-Familie
24796,2024-11-22,2468,Organisation
24796,2024-11-22,2637,Position
24796,2024-11-22,2687,Standort
24796,2024-11-22,432,Standort
24796,2024-11-22,2707,Job-Familie
24796,2025-01-01,2468,Organisation
24796,2025-01-01,2637,Position
24796,2025-01-01,2810,Standort
24796,2025-01-01,432,Standort
24796,2025-01-01,2707,Job-Familie
24796,2025-02-05,2468,Organisation
24796,2025-02-05,2637,Position
24796,2025-02-05,2810,Standort
24796,2025-02-05,432,Standort
24796,2025-02-05,2707,Job-Familie
24796,2025-02-12,2468,Organisation
24796,2025-02-12,2637,Position
24796,2025-02-12,2810,Standort
24796,2025-02-12,432,Standort
24796,2025-02-12,2707,Job-Familie
24796,2025-03-27,2468,Organisation
24796,2025-03-27,2637,Position
24796,2025-03-27,2810,Standort
24796,2025-03-27,432,Standort
24796,2025-03-27,2707,Job-Familie
24796,2025-04-01,2468,Organisation
24796,2025-04-01,2637,Position
24796,2025-04-01,2810,Standort
24796,2025-04-01,432,Standort
24796,2025-04-01,2707,Job-Familie
24804,2024-07-23,81,Organisation
24804,2024-07-23,492,Position
24804,2024-07-31,81,Organisation
24804,2024-07-31,492,Position
24806,2024-07-23,2625,Organisation
24806,2024-10-01,2666,Organisation
24806,2024-10-01,2693,Standort
24806,2024-10-11,2666,Organisation
24806,2024-10-11,2672,Position
24806,2024-10-11,2693,Standort
24806,2024-11-18,2666,Organisation
24806,2024-11-18,2672,Position
24806,2024-11-18,2693,Standort
24806,2025-01-01,2666,Organisation
24806,2025-01-01,2672,Position
24840,2024-07-24,1279,Organisation
24840,2024-08-01,1279,Organisation
24842,2024-07-24,270,Organisation
24842,2024-09-11,270,Organisation
24895,2024-01-01,2468,Organisation
24895,2024-01-01,2810,Standort
24895,2024-08-21,530,Organisation
24895,2024-08-21,2810,Standort
24895,2024-09-30,530,Organisation
24895,2024-09-30,2637,Position
24895,2024-09-30,2810,Standort
24895,2024-09-30,427,Standort
24895,2024-10-01,2468,Organisation
24895,2024-10-01,2637,Position
24895,2024-10-01,2687,Standort
24895,2024-10-01,427,Standort
24895,2024-10-16,2468,Organisation
24895,2024-10-16,2637,Position
24895,2024-10-16,2687,Standort
24895,2024-10-16,427,Standort
24895,2024-10-23,2468,Organisation
24895,2024-10-23,2637,Position
24895,2024-10-23,2687,Standort
24895,2024-10-23,427,Standort
24895,2024-10-23,2707,Job-Familie
24895,2024-11-08,2468,Organisation
24895,2024-11-08,2637,Position
24895,2024-11-08,2687,Standort
24895,2024-11-08,427,Standort
24895,2024-11-08,2707,Job-Familie
24895,2024-11-22,2468,Organisation
24895,2024-11-22,2637,Position
24895,2024-11-22,2687,Standort
24895,2024-11-22,427,Standort
24895,2024-11-22,2707,Job-Familie
24895,2025-01-01,2468,Organisation
24895,2025-01-01,2637,Position
24895,2025-01-01,2810,Standort
24895,2025-01-01,427,Standort
24895,2025-01-01,2707,Job-Familie
24895,2025-02-12,2468,Organisation
24895,2025-02-12,2637,Position
24895,2025-02-12,2810,Standort
24895,2025-02-12,427,Standort
24895,2025-02-12,2707,Job-Familie
24895,2025-03-27,2468,Organisation
24895,2025-03-27,2637,Position
24895,2025-03-27,2810,Standort
24895,2025-03-27,427,Standort
24895,2025-03-27,2707,Job-Familie
24957,2024-08-22,536,Organisation
24957,2024-12-12,536,Organisation
24957,2024-12-30,831,Organisation
24957,2024-12-30,1246,Position
24957,2024-12-30,1105,Standort
24957,2024-12-30,2711,Job-Familie
24957,2025-01-01,831,Organisation
24957,2025-01-01,1246,Position
24957,2025-01-01,1105,Standort
24957,2025-01-01,2711,Job-Familie
24957,2025-01-07,831,Organisation
24957,2025-01-07,1246,Position
24957,2025-01-07,2657,Standort
24957,2025-01-07,1105,Standort
24957,2025-01-07,2711,Job-Familie
24957,2025-03-01,831,Organisation
24957,2025-03-01,1246,Position
24957,2025-03-01,2657,Standort
24957,2025-03-01,1105,Standort
24957,2025-03-01,2711,Job-Familie
24957,2025-03-27,831,Organisation
24957,2025-03-27,1246,Position
24957,2025-03-27,2657,Standort
24957,2025-03-27,1105,Standort
24957,2025-03-27,2711,Job-Familie
24957,2025-06-03,831,Organisation
24957,2025-06-03,1246,Position
24957,2025-06-03,2657,Standort
24957,2025-06-03,1105,Standort
24957,2025-06-03,2711,Job-Familie
24966,2024-09-04,536,Organisation
24966,2024-09-05,536,Organisation
24966,2024-09-09,536,Organisation
24966,2024-09-10,536,Organisation
24966,2024-09-30,2423,Organisation
24966,2024-09-30,460,Position
24966,2024-09-30,1105,Standort
24966,2024-10-01,2423,Organisation
24966,2024-10-01,460,Position
24966,2024-10-01,2653,Standort
24966,2024-10-01,1105,Standort
24966,2024-10-07,2423,Organisation
24966,2024-10-07,460,Position
24966,2024-10-07,2653,Standort
24966,2024-10-07,1105,Standort
24966,2024-10-23,2423,Organisation
24966,2024-10-23,460,Position
24966,2024-10-23,2653,Standort
24966,2024-10-23,1105,Standort
24966,2024-10-23,2707,Job-Familie
24966,2024-11-26,2423,Organisation
24966,2024-11-26,460,Position
24966,2024-11-26,2653,Standort
24966,2024-11-26,1105,Standort
24966,2024-11-26,2707,Job-Familie
24966,2025-01-23,2423,Organisation
24966,2025-01-23,460,Position
24966,2025-01-23,2653,Standort
24966,2025-01-23,1105,Standort
24966,2025-01-23,2707,Job-Familie
24966,2025-02-12,2423,Organisation
24966,2025-02-12,460,Position
24966,2025-02-12,2653,Standort
24966,2025-02-12,1105,Standort
24966,2025-02-12,2707,Job-Familie
24966,2025-03-01,2423,Organisation
24966,2025-03-01,460,Position
24966,2025-03-01,2653,Standort
24966,2025-03-01,1105,Standort
24966,2025-03-01,2707,Job-Familie
24966,2025-03-27,2423,Organisation
24966,2025-03-27,460,Position
24966,2025-03-27,2653,Standort
24966,2025-03-27,1105,Standort
24966,2025-03-27,2707,Job-Familie
24966,2025-04-14,2423,Organisation
24966,2025-04-14,460,Position
24966,2025-04-14,2653,Standort
24966,2025-04-14,1105,Standort
24966,2025-04-14,2707,Job-Familie
24966,2025-04-15,2423,Organisation
24966,2025-04-15,460,Position
24966,2025-04-15,2653,Standort
24966,2025-04-15,1105,Standort
24966,2025-04-15,2707,Job-Familie
24987,2024-07-29,945,Organisation
24987,2025-03-01,945,Organisation
24987,2025-04-07,945,Organisation
